Feature,importance,fold
atlas_pct_diabetes_adults13,1,1
atlas_pct_wic15,7,1
total_physician_office_net_paid_pmpm_cost_9to12m_b4,0,1
atlas_pct_laccess_hisp15,0,1
atlas_pct_fmrkt_frveg16,2,1
credit_hh_nonmtgcredit_60dpd,17,1
atlas_dirsales_farms12,0,1
rx_nonmaint_pmpm_ct,0,1
zip_cd,0,1
atlas_pct_laccess_white15,2,1
credit_hh_bankcard_severederog,22,1
atlas_pct_fmrkt_credit16,3,1
credit_bal_autofinance_new,1,1
rej_days_since_last_clm,1,1
rx_generic_pmpm_ct_0to3m_b4,19,1
rwjf_social_associate_rate,0,1
med_physician_office_ds_clm_6to9m_b4,1,1
atlas_totalocchu,20,1
atlas_veg_acrespth12,0,1
atlas_pct_loclsale12,6,1
atlas_pct_fmrkt_anmlprod16,1,1
atlas_freshveg_farms12,1,1
rwjf_resident_seg_black_inx,1,1
atlas_pct_loclfarm12,1,1
total_outpatient_mbr_resp_pmpm_cost_6to9m_b4,0,1
atlas_berry_acrespth12,0,1
rx_maint_pmpm_ct_9to12m_b4,11,1
rx_tier_2_pmpm_ct,19,1
atlas_agritrsm_rct12,0,1
atlas_pct_laccess_snap15,1,1
atlas_deep_pov_all,0,1
ccsp_227_pct,16,1
bh_outpatient_net_paid_pmpm_cost,0,1
atlas_veg_farms12,0,1
rx_hum_16_pmpm_ct,11,1
cms_risk_adjustment_factor_a_amt,33,1
atlas_recfac14,16,1
total_physician_office_copay_pmpm_cost,1,1
atlas_pc_fsrsales12,2,1
atlas_pct_fmrkt_baked16,0,1
atlas_net_international_migration_rate,0,1
rx_maint_mbr_resp_pmpm_cost_6to9m_b4,2,1
rx_generic_pmpm_cost_6to9m_b4,3,1
rx_gpi2_49_pmpm_cost_0to3m_b4,2,1
atlas_pct_sbp15,2,1
atlas_pct_laccess_child15,0,1
met_obe_diag_pct,4,1
atlas_orchard_acrespth12,2,1
atlas_pct_laccess_hhnv15,3,1
cnt_cp_webstatement_pmpm_ct,22,1
atlas_pct_laccess_lowi15,4,1
rx_gpi2_02_pmpm_cost,0,1
cms_partd_ra_factor_amt,10,1
atlas_pct_free_lunch14,1,1
rx_tier_2_pmpm_ct_3to6m_b4,12,1
cons_chva,4,1
atlas_pct_fmrkt_wiccash16,0,1
rx_overall_net_paid_pmpm_cost_6to9m_b4,1,1
total_med_allowed_pmpm_cost_9to12m_b4,2,1
bh_physician_office_copay_pmpm_cost_6to9m_b4,0,1
atlas_pct_snap16,5,1
atlas_ghveg_sqftpth12,0,1
atlas_pc_dirsales12,5,1
atlas_pct_reduced_lunch14,4,1
ccsp_236_pct,0,1
atlas_deep_pov_children,0,1
atlas_pct_sfsp15,2,1
rwjf_air_pollute_density,0,1
rx_generic_pmpm_cost,13,1
cms_tot_partd_payment_amt,41,1
cons_nwperadult,16,1
rx_days_since_last_script,2,1
atlas_pct_laccess_nhasian15,2,1
rx_nonbh_mbr_resp_pmpm_cost_6to9m_b4,6,1
rx_days_since_last_script_6to9m_b4,0,1
atlas_pct_obese_adults13,0,1
credit_bal_consumerfinance,20,1
atlas_pct_fmrkt_wic16,0,1
atlas_orchard_farms12,3,1
atlas_berry_farms12,0,1
atlas_pct_laccess_multir15,1,1
rx_bh_mbr_resp_pmpm_cost_9to12m_b4,0,1
atlas_pc_wic_redemp12,1,1
rwjf_mv_deaths_rate,4,1
atlas_povertyunder18pct,1,1
rx_gpi2_72_pmpm_cost_6to9m_b4,0,1
atlas_pct_fmrkt_snap16,0,1
atlas_medhhinc,0,1
rx_nonbh_net_paid_pmpm_cost,0,1
credit_bal_bankcard_severederog,1,1
bh_ip_snf_net_paid_pmpm_cost,0,1
atlas_pc_snapben15,1,1
rx_nonbh_pmpm_ct_0to3m_b4,2,1
rx_overall_mbr_resp_pmpm_cost_0to3m_b4,10,1
auth_3mth_post_acute_mean_los,0,1
rx_branded_mbr_resp_pmpm_cost,0,1
rx_tier_1_pmpm_ct_0to3m_b4,12,1
bh_ncdm_pct,0,1
atlas_naturalchangerate1016,2,1
rx_mail_mbr_resp_pmpm_cost_0to3m_b4,4,1
credit_bal_autobank,2,1
rx_nonotc_dist_gpi6_pmpm_ct,5,1
cons_cgqs,19,1
rx_overall_gpi_pmpm_ct_0to3m_b4,23,1
credit_hh_bankcardcredit_60dpd,12,1
rx_gpi2_01_pmpm_cost_0to3m_b4,0,1
cci_dia_m_pmpm_ct,5,1
atlas_pct_nslp15,3,1
mcc_end_pct,0,1
atlas_pct_laccess_black15,2,1
credit_bal_mtgcredit_new,10,1
credit_hh_1stmtgcredit,2,1
cons_chmi,8,1
rwjf_income_inequ_ratio,1,1
atlas_pct_laccess_pop15,1,1
atlas_pc_ffrsales12,17,1
atlas_hh65plusalonepct,0,1
atlas_pct_fmrkt_sfmnp16,4,1
auth_3mth_acute_mean_los,0,1
rx_hum_28_pmpm_cost,1,1
atlas_pct_laccess_nhna15,1,1
atlas_povertyallagespct,1,1
rx_nonbh_mbr_resp_pmpm_cost,16,1
rx_nonmaint_mbr_resp_pmpm_cost_9to12m_b4,5,1
atlas_pct_fmrkt_otherfood16,3,1
lab_dist_loinc_pmpm_ct,8,1
rx_generic_mbr_resp_pmpm_cost,13,1
atlas_pct_laccess_seniors15,0,1
atlas_pct_cacfp15,5,1
total_outpatient_allowed_pmpm_cost_6to9m_b4,0,1
rx_nonmaint_mbr_resp_pmpm_cost,7,1
credit_bal_nonmtgcredit_60dpd,10,1
atlas_ownhomepct,2,1
rx_overall_mbr_resp_pmpm_cost,9,1
atlas_redemp_snaps16,1,1
atlas_netmigrationrate1016,3,1
atlas_percapitainc,2,1
phy_em_px_pct,8,1
rx_generic_mbr_resp_pmpm_cost_0to3m_b4,5,1
bh_ncdm_ind,0,1
auth_3mth_post_acute_inf,0,1
rx_maint_net_paid_pmpm_cost_t_9-6-3m_b4,4,1
ccsp_065_pmpm_ct,0,1
auth_3mth_acute_vco,0,1
rx_gpi2_72_pmpm_ct_6to9m_b4,3,1
auth_3mth_post_acute_men,0,1
rej_total_physician_office_visit_ct_pmpm_0to3m_b4,0,1
total_physician_office_net_paid_pmpm_cost_t_9-6-3m_b4,2,1
bh_ip_snf_net_paid_pmpm_cost_0to3m_b4,0,1
mcc_ano_pmpm_ct_t_9-6-3m_b4,0,1
atlas_type_2015_update,0,1
atlas_retirement_destination_2015_upda,2,1
auth_3mth_post_acute_sns,0,1
atlas_hiamenity,1,1
cons_ltmedicr,12,1
auth_3mth_acute_ccs_086,0,1
total_physician_office_mbr_resp_pmpm_cost_t_9-6-3m_b4,1,1
auth_3mth_acute_cir,0,1
atlas_csa12,28,1
total_med_net_paid_pmpm_cost_t_6-3-0m_b4,8,1
cons_n2pwh,424,1
auth_3mth_snf_post_hsp,0,1
auth_3mth_post_acute_inj,0,1
med_outpatient_mbr_resp_pmpm_cost_t_9-6-3m_b4,4,1
rx_gpi2_56_dist_gpi6_pmpm_ct_3to6m_b4,4,1
atlas_low_employment_2015_update,0,1
auth_3mth_acute_inf,0,1
lab_albumin_loinc_pmpm_ct,17,1
rx_gpi2_17_pmpm_cost_t_12-9-6m_b4,51,1
cons_rxadhs,5,1
cons_mobplus,0,1
atlas_foodinsec_child_03_11,174,1
lang_spoken_cd,5,1
bh_ip_snf_mbr_resp_pmpm_cost_9to12m_b4,1,1
auth_3mth_post_acute_gus,0,1
auth_3mth_acute_cad,0,1
rx_maint_pmpm_ct_t_6-3-0m_b4,7,1
auth_3mth_acute_ccs_044,0,1
cons_hxmioc,10,1
med_outpatient_visit_ct_pmpm_t_12-9-6m_b4,0,1
med_physician_office_allowed_pmpm_cost_t_9-6-3m_b4,1,1
auth_3mth_acute_res,0,1
auth_3mth_acute_chf,0,1
auth_3mth_acute_ccs_030,0,1
auth_3mth_dc_hospice,0,1
auth_3mth_acute_neo,0,1
atlas_type_2015_recreation_no,0,1
hum_region,20,1
atlas_ghveg_farms12,31,1
rx_maint_net_paid_pmpm_cost_t_12-9-6m_b4,13,1
auth_3mth_acute_ccs_048,0,1
rx_overall_gpi_pmpm_ct_t_6-3-0m_b4,2,1
rx_overall_gpi_pmpm_ct_t_12-9-6m_b4,10,1
rx_nonbh_pmpm_ct_t_9-6-3m_b4,3,1
mcc_chf_pmpm_ct_t_9-6-3m_b4,12,1
auth_3mth_post_acute_chf,0,1
auth_3mth_psychic,0,1
rx_nonotc_pmpm_cost_t_6-3-0m_b4,13,1
auth_3mth_acute_end,0,1
atlas_low_education_2015_update,0,1
src_div_id,37,1
auth_3mth_bh_acute,0,1
auth_3mth_acute_ccs_067,0,1
atlas_type_2015_mining_no,0,1
cons_n2pmr,363,1
rx_mail_net_paid_pmpm_cost_t_6-3-0m_b4,20,1
rej_med_er_net_paid_pmpm_cost_t_9-6-3m_b4,0,1
med_outpatient_deduct_pmpm_cost_t_9-6-3m_b4,0,1
rej_med_ip_snf_coins_pmpm_cost_t_9-6-3m_b4,0,1
rx_generic_dist_gpi6_pmpm_ct_t_9-6-3m_b4,3,1
auth_3mth_dc_home,4,1
auth_3mth_acute_bld,0,1
auth_3mth_acute_ner,0,1
oontwk_mbr_resp_pmpm_cost_t_6-3-0m_b4,0,1
rx_gpi2_90_dist_gpi6_pmpm_ct_9to12m_b4,0,1
atlas_foodhub16,2,1
rx_maint_pmpm_cost_t_6-3-0m_b4,10,1
auth_3mth_post_acute_ben,0,1
est_age,360,1
auth_3mth_post_acute_cer,0,1
auth_3mth_acute_ccs_153,0,1
auth_3mth_acute_dig,0,1
total_ip_maternity_net_paid_pmpm_cost_t_12-9-6m_b4,0,1
auth_3mth_post_acute_cad,0,1
rx_bh_pmpm_ct_0to3m_b4,30,1
rx_nonmail_dist_gpi6_pmpm_ct_t_9-6-3m_b4,2,1
atlas_persistentchildpoverty_1980_2011,0,1
atlas_slhouse12,2,1
atlas_population_loss_2015_update,0,1
auth_3mth_acute_ccs_094,0,1
auth_3mth_post_acute_ner,0,1
auth_3mth_acute_ccs_227,0,1
rx_overall_dist_gpi6_pmpm_ct_t_6-3-0m_b4,6,1
auth_3mth_acute_trm,0,1
auth_3mth_post_acute,0,1
auth_3mth_acute_dia,0,1
auth_3mth_acute_ccs_043,0,1
rx_overall_mbr_resp_pmpm_cost_t_6-3-0m_b4,29,1
cms_orig_reas_entitle_cd,12,1
auth_3mth_post_acute_end,0,1
auth_3mth_acute_can,0,1
auth_3mth_acute_ccs_172,0,1
auth_3mth_dc_home_health,0,1
atlas_hipov_1115,5,1
rx_phar_cat_cvs_pmpm_ct_t_9-6-3m_b4,18,1
rx_gpi2_62_pmpm_cost_t_9-6-3m_b4,0,1
cons_n2phi,242,1
auth_3mth_post_acute_hdz,0,1
auth_3mth_bh_acute_mean_los,0,1
auth_3mth_post_acute_dig,0,1
auth_3mth_transplant,0,1
rx_mail_mbr_resp_pmpm_cost_t_9-6-3m_b4,15,1
auth_3mth_acute_sns,0,1
auth_3mth_post_acute_vco,0,1
auth_3mth_home,0,1
rx_nonbh_net_paid_pmpm_cost_t_6-3-0m_b4,5,1
auth_3mth_post_acute_ckd,0,1
rx_gpi2_34_dist_gpi6_pmpm_ct,1,1
rx_gpi2_33_pmpm_ct_0to3m_b4,0,1
auth_3mth_dc_ltac,0,1
cons_estinv30_rc,23,1
rx_phar_cat_humana_pmpm_ct_t_9-6-3m_b4,3,1
auth_3mth_acute_men,0,1
auth_3mth_dc_snf,0,1
cons_hhcomp,18,1
bh_ip_snf_mbr_resp_pmpm_cost_6to9m_b4,0,1
auth_3mth_acute_inj,0,1
total_physician_office_visit_ct_pmpm_t_6-3-0m_b4,1,1
mabh_seg,34,1
auth_3mth_post_acute_res,0,1
auth_3mth_bh_acute_men,0,1
auth_3mth_acute_hdz,0,1
hedis_dia_hba1c_ge9,0,1
auth_3mth_post_acute_trm,0,1
auth_3mth_hospice,0,1
rx_gpi2_39_pmpm_cost_t_6-3-0m_b4,22,1
atlas_vlfoodsec_13_15,51,1
auth_3mth_dc_acute_rehab,0,1
rx_generic_pmpm_cost_t_6-3-0m_b4,12,1
auth_3mth_acute_ccs_154,0,1
cons_rxmaint,1,1
total_bh_copay_pmpm_cost_t_9-6-3m_b4,0,1
rx_nonmaint_dist_gpi6_pmpm_ct_t_12-9-6m_b4,3,1
rej_med_outpatient_visit_ct_pmpm_t_6-3-0m_b4,3,1
cons_rxadhm,20,1
auth_3mth_acute_mus,0,1
rx_nonbh_pmpm_cost_t_9-6-3m_b4,4,1
rx_days_since_last_script_0to3m_b4,353,1
auth_3mth_post_acute_cir,0,1
auth_3mth_post_acute_dia,0,1
auth_3mth_post_er,0,1
auth_3mth_dc_no_ref,0,1
bh_ip_snf_mbr_resp_pmpm_cost_3to6m_b4,0,1
auth_3mth_acute,2,1
rx_branded_pmpm_ct_t_6-3-0m_b4,1,1
atlas_farm_to_school13,0,1
auth_3mth_acute_cer,0,1
med_ambulance_coins_pmpm_cost_t_9-6-3m_b4,0,1
auth_3mth_acute_gus,0,1
rx_gpi4_6110_pmpm_ct,0,1
cons_hxwearbl,2,1
auth_3mth_ltac,0,1
auth_3mth_acute_ckd,0,1
bh_ip_snf_net_paid_pmpm_cost_6to9m_b4,0,1
sex_cd,7,1
days_since_last_clm_0to3m_b4,437,1
atlas_perpov_1980_0711,0,1
auth_3mth_post_acute_mus,0,1
auth_3mth_non_er,0,1
bh_ncal_ind,0,1
auth_3mth_facility,0,1
atlas_foodinsec_13_15,184,1
auth_3mth_dc_left_ama,0,1
race_cd,31,1
bh_ip_snf_admit_days_pmpm_t_9-6-3m_b4,0,1
auth_3mth_dc_other,0,1
cons_stlnindx,8,1
auth_3mth_acute_skn,0,1
total_allowed_pmpm_cost_t_9-6-3m_b4,11,1
auth_3mth_rehab,0,1
bh_urgent_care_copay_pmpm_cost_t_12-9-6m_b4,1,1
auth_3mth_dc_custodial,0,1
auth_3mth_snf_direct,0,1
auth_3mth_acute_ccs_042,0,1
bh_ip_snf_net_paid_pmpm_cost_9to12m_b4,0,1
bh_ip_snf_net_paid_pmpm_cost_3to6m_b4,1,1
rx_maint_pmpm_cost_t_12-9-6m_b4,7,1
auth_3mth_post_acute_rsk,0,1
rev_cms_ansth_pmpm_ct,1,1
cons_cwht,479,1
atlas_pct_diabetes_adults13,2,2
atlas_pct_wic15,6,2
total_physician_office_net_paid_pmpm_cost_9to12m_b4,0,2
atlas_pct_laccess_hisp15,0,2
atlas_pct_fmrkt_frveg16,2,2
credit_hh_nonmtgcredit_60dpd,28,2
atlas_dirsales_farms12,1,2
rx_nonmaint_pmpm_ct,0,2
zip_cd,1,2
atlas_pct_laccess_white15,3,2
credit_hh_bankcard_severederog,23,2
atlas_pct_fmrkt_credit16,1,2
credit_bal_autofinance_new,2,2
rej_days_since_last_clm,2,2
rx_generic_pmpm_ct_0to3m_b4,25,2
rwjf_social_associate_rate,1,2
med_physician_office_ds_clm_6to9m_b4,0,2
atlas_totalocchu,21,2
atlas_veg_acrespth12,0,2
atlas_pct_loclsale12,7,2
atlas_pct_fmrkt_anmlprod16,1,2
atlas_freshveg_farms12,1,2
rwjf_resident_seg_black_inx,0,2
atlas_pct_loclfarm12,1,2
total_outpatient_mbr_resp_pmpm_cost_6to9m_b4,0,2
atlas_berry_acrespth12,0,2
rx_maint_pmpm_ct_9to12m_b4,11,2
rx_tier_2_pmpm_ct,19,2
atlas_agritrsm_rct12,3,2
atlas_pct_laccess_snap15,0,2
atlas_deep_pov_all,0,2
ccsp_227_pct,14,2
bh_outpatient_net_paid_pmpm_cost,0,2
atlas_veg_farms12,1,2
rx_hum_16_pmpm_ct,13,2
cms_risk_adjustment_factor_a_amt,28,2
atlas_recfac14,15,2
total_physician_office_copay_pmpm_cost,0,2
atlas_pc_fsrsales12,3,2
atlas_pct_fmrkt_baked16,1,2
atlas_net_international_migration_rate,4,2
rx_maint_mbr_resp_pmpm_cost_6to9m_b4,1,2
rx_generic_pmpm_cost_6to9m_b4,8,2
rx_gpi2_49_pmpm_cost_0to3m_b4,2,2
atlas_pct_sbp15,9,2
atlas_pct_laccess_child15,1,2
met_obe_diag_pct,8,2
atlas_orchard_acrespth12,2,2
atlas_pct_laccess_hhnv15,2,2
cnt_cp_webstatement_pmpm_ct,26,2
atlas_pct_laccess_lowi15,1,2
rx_gpi2_02_pmpm_cost,0,2
cms_partd_ra_factor_amt,5,2
atlas_pct_free_lunch14,2,2
rx_tier_2_pmpm_ct_3to6m_b4,11,2
cons_chva,7,2
atlas_pct_fmrkt_wiccash16,0,2
rx_overall_net_paid_pmpm_cost_6to9m_b4,0,2
total_med_allowed_pmpm_cost_9to12m_b4,1,2
bh_physician_office_copay_pmpm_cost_6to9m_b4,1,2
atlas_pct_snap16,11,2
atlas_ghveg_sqftpth12,0,2
atlas_pc_dirsales12,8,2
atlas_pct_reduced_lunch14,5,2
ccsp_236_pct,0,2
atlas_deep_pov_children,0,2
atlas_pct_sfsp15,7,2
rwjf_air_pollute_density,2,2
rx_generic_pmpm_cost,14,2
cms_tot_partd_payment_amt,46,2
cons_nwperadult,17,2
rx_days_since_last_script,6,2
atlas_pct_laccess_nhasian15,2,2
rx_nonbh_mbr_resp_pmpm_cost_6to9m_b4,10,2
rx_days_since_last_script_6to9m_b4,0,2
atlas_pct_obese_adults13,0,2
credit_bal_consumerfinance,15,2
atlas_pct_fmrkt_wic16,1,2
atlas_orchard_farms12,5,2
atlas_berry_farms12,1,2
atlas_pct_laccess_multir15,0,2
rx_bh_mbr_resp_pmpm_cost_9to12m_b4,1,2
atlas_pc_wic_redemp12,1,2
rwjf_mv_deaths_rate,8,2
atlas_povertyunder18pct,0,2
rx_gpi2_72_pmpm_cost_6to9m_b4,0,2
atlas_pct_fmrkt_snap16,0,2
atlas_medhhinc,0,2
rx_nonbh_net_paid_pmpm_cost,2,2
credit_bal_bankcard_severederog,3,2
bh_ip_snf_net_paid_pmpm_cost,0,2
atlas_pc_snapben15,0,2
rx_nonbh_pmpm_ct_0to3m_b4,3,2
rx_overall_mbr_resp_pmpm_cost_0to3m_b4,12,2
auth_3mth_post_acute_mean_los,0,2
rx_branded_mbr_resp_pmpm_cost,2,2
rx_tier_1_pmpm_ct_0to3m_b4,12,2
bh_ncdm_pct,0,2
atlas_naturalchangerate1016,0,2
rx_mail_mbr_resp_pmpm_cost_0to3m_b4,1,2
credit_bal_autobank,0,2
rx_nonotc_dist_gpi6_pmpm_ct,4,2
cons_cgqs,18,2
rx_overall_gpi_pmpm_ct_0to3m_b4,13,2
credit_hh_bankcardcredit_60dpd,25,2
rx_gpi2_01_pmpm_cost_0to3m_b4,1,2
cci_dia_m_pmpm_ct,4,2
atlas_pct_nslp15,9,2
mcc_end_pct,1,2
atlas_pct_laccess_black15,1,2
credit_bal_mtgcredit_new,11,2
credit_hh_1stmtgcredit,0,2
cons_chmi,3,2
rwjf_income_inequ_ratio,1,2
atlas_pct_laccess_pop15,1,2
atlas_pc_ffrsales12,8,2
atlas_hh65plusalonepct,0,2
atlas_pct_fmrkt_sfmnp16,4,2
auth_3mth_acute_mean_los,0,2
rx_hum_28_pmpm_cost,1,2
atlas_pct_laccess_nhna15,4,2
atlas_povertyallagespct,0,2
rx_nonbh_mbr_resp_pmpm_cost,17,2
rx_nonmaint_mbr_resp_pmpm_cost_9to12m_b4,5,2
atlas_pct_fmrkt_otherfood16,6,2
lab_dist_loinc_pmpm_ct,7,2
rx_generic_mbr_resp_pmpm_cost,8,2
atlas_pct_laccess_seniors15,0,2
atlas_pct_cacfp15,15,2
total_outpatient_allowed_pmpm_cost_6to9m_b4,1,2
rx_nonmaint_mbr_resp_pmpm_cost,6,2
credit_bal_nonmtgcredit_60dpd,8,2
atlas_ownhomepct,0,2
rx_overall_mbr_resp_pmpm_cost,16,2
atlas_redemp_snaps16,0,2
atlas_netmigrationrate1016,5,2
atlas_percapitainc,4,2
phy_em_px_pct,6,2
rx_generic_mbr_resp_pmpm_cost_0to3m_b4,8,2
bh_ncdm_ind,0,2
auth_3mth_post_acute_inf,0,2
rx_maint_net_paid_pmpm_cost_t_9-6-3m_b4,5,2
ccsp_065_pmpm_ct,0,2
auth_3mth_acute_vco,0,2
rx_gpi2_72_pmpm_ct_6to9m_b4,3,2
auth_3mth_post_acute_men,0,2
rej_total_physician_office_visit_ct_pmpm_0to3m_b4,0,2
total_physician_office_net_paid_pmpm_cost_t_9-6-3m_b4,1,2
bh_ip_snf_net_paid_pmpm_cost_0to3m_b4,0,2
mcc_ano_pmpm_ct_t_9-6-3m_b4,0,2
atlas_type_2015_update,0,2
atlas_retirement_destination_2015_upda,2,2
auth_3mth_post_acute_sns,0,2
atlas_hiamenity,1,2
cons_ltmedicr,13,2
auth_3mth_acute_ccs_086,0,2
total_physician_office_mbr_resp_pmpm_cost_t_9-6-3m_b4,2,2
auth_3mth_acute_cir,0,2
atlas_csa12,33,2
total_med_net_paid_pmpm_cost_t_6-3-0m_b4,7,2
cons_n2pwh,570,2
auth_3mth_snf_post_hsp,0,2
auth_3mth_post_acute_inj,0,2
med_outpatient_mbr_resp_pmpm_cost_t_9-6-3m_b4,9,2
rx_gpi2_56_dist_gpi6_pmpm_ct_3to6m_b4,4,2
atlas_low_employment_2015_update,0,2
auth_3mth_acute_inf,0,2
lab_albumin_loinc_pmpm_ct,19,2
rx_gpi2_17_pmpm_cost_t_12-9-6m_b4,35,2
cons_rxadhs,6,2
cons_mobplus,0,2
atlas_foodinsec_child_03_11,161,2
lang_spoken_cd,7,2
bh_ip_snf_mbr_resp_pmpm_cost_9to12m_b4,1,2
auth_3mth_post_acute_gus,0,2
auth_3mth_acute_cad,0,2
rx_maint_pmpm_ct_t_6-3-0m_b4,7,2
auth_3mth_acute_ccs_044,0,2
cons_hxmioc,12,2
med_outpatient_visit_ct_pmpm_t_12-9-6m_b4,6,2
med_physician_office_allowed_pmpm_cost_t_9-6-3m_b4,2,2
auth_3mth_acute_res,0,2
auth_3mth_acute_chf,0,2
auth_3mth_acute_ccs_030,0,2
auth_3mth_dc_hospice,0,2
auth_3mth_acute_neo,0,2
atlas_type_2015_recreation_no,0,2
hum_region,44,2
atlas_ghveg_farms12,49,2
rx_maint_net_paid_pmpm_cost_t_12-9-6m_b4,14,2
auth_3mth_acute_ccs_048,0,2
rx_overall_gpi_pmpm_ct_t_6-3-0m_b4,4,2
rx_overall_gpi_pmpm_ct_t_12-9-6m_b4,8,2
rx_nonbh_pmpm_ct_t_9-6-3m_b4,2,2
mcc_chf_pmpm_ct_t_9-6-3m_b4,13,2
auth_3mth_post_acute_chf,0,2
auth_3mth_psychic,0,2
rx_nonotc_pmpm_cost_t_6-3-0m_b4,15,2
auth_3mth_acute_end,0,2
atlas_low_education_2015_update,0,2
src_div_id,36,2
auth_3mth_bh_acute,0,2
auth_3mth_acute_ccs_067,0,2
atlas_type_2015_mining_no,1,2
cons_n2pmr,357,2
rx_mail_net_paid_pmpm_cost_t_6-3-0m_b4,20,2
rej_med_er_net_paid_pmpm_cost_t_9-6-3m_b4,0,2
med_outpatient_deduct_pmpm_cost_t_9-6-3m_b4,0,2
rej_med_ip_snf_coins_pmpm_cost_t_9-6-3m_b4,0,2
rx_generic_dist_gpi6_pmpm_ct_t_9-6-3m_b4,6,2
auth_3mth_dc_home,1,2
auth_3mth_acute_bld,0,2
auth_3mth_acute_ner,0,2
oontwk_mbr_resp_pmpm_cost_t_6-3-0m_b4,2,2
rx_gpi2_90_dist_gpi6_pmpm_ct_9to12m_b4,1,2
atlas_foodhub16,2,2
rx_maint_pmpm_cost_t_6-3-0m_b4,10,2
auth_3mth_post_acute_ben,0,2
est_age,340,2
auth_3mth_post_acute_cer,0,2
auth_3mth_acute_ccs_153,0,2
auth_3mth_acute_dig,0,2
total_ip_maternity_net_paid_pmpm_cost_t_12-9-6m_b4,1,2
auth_3mth_post_acute_cad,0,2
rx_bh_pmpm_ct_0to3m_b4,33,2
rx_nonmail_dist_gpi6_pmpm_ct_t_9-6-3m_b4,5,2
atlas_persistentchildpoverty_1980_2011,1,2
atlas_slhouse12,1,2
atlas_population_loss_2015_update,0,2
auth_3mth_acute_ccs_094,0,2
auth_3mth_post_acute_ner,0,2
auth_3mth_acute_ccs_227,0,2
rx_overall_dist_gpi6_pmpm_ct_t_6-3-0m_b4,5,2
auth_3mth_acute_trm,0,2
auth_3mth_post_acute,1,2
auth_3mth_acute_dia,0,2
auth_3mth_acute_ccs_043,0,2
rx_overall_mbr_resp_pmpm_cost_t_6-3-0m_b4,33,2
cms_orig_reas_entitle_cd,17,2
auth_3mth_post_acute_end,0,2
auth_3mth_acute_can,0,2
auth_3mth_acute_ccs_172,0,2
auth_3mth_dc_home_health,0,2
atlas_hipov_1115,6,2
rx_phar_cat_cvs_pmpm_ct_t_9-6-3m_b4,17,2
rx_gpi2_62_pmpm_cost_t_9-6-3m_b4,1,2
cons_n2phi,260,2
auth_3mth_post_acute_hdz,0,2
auth_3mth_bh_acute_mean_los,0,2
auth_3mth_post_acute_dig,0,2
auth_3mth_transplant,0,2
rx_mail_mbr_resp_pmpm_cost_t_9-6-3m_b4,9,2
auth_3mth_acute_sns,0,2
auth_3mth_post_acute_vco,0,2
auth_3mth_home,4,2
rx_nonbh_net_paid_pmpm_cost_t_6-3-0m_b4,4,2
auth_3mth_post_acute_ckd,0,2
rx_gpi2_34_dist_gpi6_pmpm_ct,2,2
rx_gpi2_33_pmpm_ct_0to3m_b4,1,2
auth_3mth_dc_ltac,0,2
cons_estinv30_rc,22,2
rx_phar_cat_humana_pmpm_ct_t_9-6-3m_b4,2,2
auth_3mth_acute_men,0,2
auth_3mth_dc_snf,1,2
cons_hhcomp,22,2
bh_ip_snf_mbr_resp_pmpm_cost_6to9m_b4,0,2
auth_3mth_acute_inj,0,2
total_physician_office_visit_ct_pmpm_t_6-3-0m_b4,0,2
mabh_seg,25,2
auth_3mth_post_acute_res,0,2
auth_3mth_bh_acute_men,0,2
auth_3mth_acute_hdz,0,2
hedis_dia_hba1c_ge9,0,2
auth_3mth_post_acute_trm,0,2
auth_3mth_hospice,0,2
rx_gpi2_39_pmpm_cost_t_6-3-0m_b4,25,2
atlas_vlfoodsec_13_15,68,2
auth_3mth_dc_acute_rehab,0,2
rx_generic_pmpm_cost_t_6-3-0m_b4,7,2
auth_3mth_acute_ccs_154,0,2
cons_rxmaint,4,2
total_bh_copay_pmpm_cost_t_9-6-3m_b4,0,2
rx_nonmaint_dist_gpi6_pmpm_ct_t_12-9-6m_b4,2,2
rej_med_outpatient_visit_ct_pmpm_t_6-3-0m_b4,5,2
cons_rxadhm,26,2
auth_3mth_acute_mus,0,2
rx_nonbh_pmpm_cost_t_9-6-3m_b4,5,2
rx_days_since_last_script_0to3m_b4,600,2
auth_3mth_post_acute_cir,0,2
auth_3mth_post_acute_dia,0,2
auth_3mth_post_er,0,2
auth_3mth_dc_no_ref,0,2
bh_ip_snf_mbr_resp_pmpm_cost_3to6m_b4,0,2
auth_3mth_acute,2,2
rx_branded_pmpm_ct_t_6-3-0m_b4,2,2
atlas_farm_to_school13,1,2
auth_3mth_acute_cer,0,2
med_ambulance_coins_pmpm_cost_t_9-6-3m_b4,0,2
auth_3mth_acute_gus,0,2
rx_gpi4_6110_pmpm_ct,2,2
cons_hxwearbl,5,2
auth_3mth_ltac,0,2
auth_3mth_acute_ckd,0,2
bh_ip_snf_net_paid_pmpm_cost_6to9m_b4,0,2
sex_cd,8,2
days_since_last_clm_0to3m_b4,605,2
atlas_perpov_1980_0711,1,2
auth_3mth_post_acute_mus,0,2
auth_3mth_non_er,0,2
bh_ncal_ind,0,2
auth_3mth_facility,0,2
atlas_foodinsec_13_15,155,2
auth_3mth_dc_left_ama,0,2
race_cd,29,2
bh_ip_snf_admit_days_pmpm_t_9-6-3m_b4,0,2
auth_3mth_dc_other,0,2
cons_stlnindx,14,2
auth_3mth_acute_skn,0,2
total_allowed_pmpm_cost_t_9-6-3m_b4,8,2
auth_3mth_rehab,0,2
bh_urgent_care_copay_pmpm_cost_t_12-9-6m_b4,0,2
auth_3mth_dc_custodial,0,2
auth_3mth_snf_direct,0,2
auth_3mth_acute_ccs_042,0,2
bh_ip_snf_net_paid_pmpm_cost_9to12m_b4,0,2
bh_ip_snf_net_paid_pmpm_cost_3to6m_b4,0,2
rx_maint_pmpm_cost_t_12-9-6m_b4,5,2
auth_3mth_post_acute_rsk,0,2
rev_cms_ansth_pmpm_ct,1,2
cons_cwht,605,2
atlas_pct_diabetes_adults13,0,3
atlas_pct_wic15,5,3
total_physician_office_net_paid_pmpm_cost_9to12m_b4,0,3
atlas_pct_laccess_hisp15,0,3
atlas_pct_fmrkt_frveg16,2,3
credit_hh_nonmtgcredit_60dpd,23,3
atlas_dirsales_farms12,0,3
rx_nonmaint_pmpm_ct,1,3
zip_cd,1,3
atlas_pct_laccess_white15,0,3
credit_hh_bankcard_severederog,22,3
atlas_pct_fmrkt_credit16,1,3
credit_bal_autofinance_new,0,3
rej_days_since_last_clm,1,3
rx_generic_pmpm_ct_0to3m_b4,26,3
rwjf_social_associate_rate,1,3
med_physician_office_ds_clm_6to9m_b4,0,3
atlas_totalocchu,19,3
atlas_veg_acrespth12,0,3
atlas_pct_loclsale12,5,3
atlas_pct_fmrkt_anmlprod16,0,3
atlas_freshveg_farms12,0,3
rwjf_resident_seg_black_inx,1,3
atlas_pct_loclfarm12,0,3
total_outpatient_mbr_resp_pmpm_cost_6to9m_b4,3,3
atlas_berry_acrespth12,1,3
rx_maint_pmpm_ct_9to12m_b4,12,3
rx_tier_2_pmpm_ct,13,3
atlas_agritrsm_rct12,1,3
atlas_pct_laccess_snap15,1,3
atlas_deep_pov_all,0,3
ccsp_227_pct,11,3
bh_outpatient_net_paid_pmpm_cost,0,3
atlas_veg_farms12,0,3
rx_hum_16_pmpm_ct,10,3
cms_risk_adjustment_factor_a_amt,42,3
atlas_recfac14,12,3
total_physician_office_copay_pmpm_cost,0,3
atlas_pc_fsrsales12,3,3
atlas_pct_fmrkt_baked16,1,3
atlas_net_international_migration_rate,6,3
rx_maint_mbr_resp_pmpm_cost_6to9m_b4,0,3
rx_generic_pmpm_cost_6to9m_b4,6,3
rx_gpi2_49_pmpm_cost_0to3m_b4,2,3
atlas_pct_sbp15,1,3
atlas_pct_laccess_child15,0,3
met_obe_diag_pct,5,3
atlas_orchard_acrespth12,2,3
atlas_pct_laccess_hhnv15,4,3
cnt_cp_webstatement_pmpm_ct,20,3
atlas_pct_laccess_lowi15,4,3
rx_gpi2_02_pmpm_cost,0,3
cms_partd_ra_factor_amt,9,3
atlas_pct_free_lunch14,1,3
rx_tier_2_pmpm_ct_3to6m_b4,9,3
cons_chva,9,3
atlas_pct_fmrkt_wiccash16,0,3
rx_overall_net_paid_pmpm_cost_6to9m_b4,2,3
total_med_allowed_pmpm_cost_9to12m_b4,0,3
bh_physician_office_copay_pmpm_cost_6to9m_b4,0,3
atlas_pct_snap16,4,3
atlas_ghveg_sqftpth12,2,3
atlas_pc_dirsales12,9,3
atlas_pct_reduced_lunch14,6,3
ccsp_236_pct,2,3
atlas_deep_pov_children,0,3
atlas_pct_sfsp15,1,3
rwjf_air_pollute_density,3,3
rx_generic_pmpm_cost,17,3
cms_tot_partd_payment_amt,45,3
cons_nwperadult,24,3
rx_days_since_last_script,5,3
atlas_pct_laccess_nhasian15,7,3
rx_nonbh_mbr_resp_pmpm_cost_6to9m_b4,10,3
rx_days_since_last_script_6to9m_b4,1,3
atlas_pct_obese_adults13,0,3
credit_bal_consumerfinance,11,3
atlas_pct_fmrkt_wic16,0,3
atlas_orchard_farms12,2,3
atlas_berry_farms12,2,3
atlas_pct_laccess_multir15,0,3
rx_bh_mbr_resp_pmpm_cost_9to12m_b4,0,3
atlas_pc_wic_redemp12,3,3
rwjf_mv_deaths_rate,4,3
atlas_povertyunder18pct,1,3
rx_gpi2_72_pmpm_cost_6to9m_b4,0,3
atlas_pct_fmrkt_snap16,1,3
atlas_medhhinc,2,3
rx_nonbh_net_paid_pmpm_cost,2,3
credit_bal_bankcard_severederog,3,3
bh_ip_snf_net_paid_pmpm_cost,0,3
atlas_pc_snapben15,0,3
rx_nonbh_pmpm_ct_0to3m_b4,5,3
rx_overall_mbr_resp_pmpm_cost_0to3m_b4,12,3
auth_3mth_post_acute_mean_los,0,3
rx_branded_mbr_resp_pmpm_cost,0,3
rx_tier_1_pmpm_ct_0to3m_b4,12,3
bh_ncdm_pct,0,3
atlas_naturalchangerate1016,1,3
rx_mail_mbr_resp_pmpm_cost_0to3m_b4,1,3
credit_bal_autobank,1,3
rx_nonotc_dist_gpi6_pmpm_ct,4,3
cons_cgqs,20,3
rx_overall_gpi_pmpm_ct_0to3m_b4,23,3
credit_hh_bankcardcredit_60dpd,25,3
rx_gpi2_01_pmpm_cost_0to3m_b4,0,3
cci_dia_m_pmpm_ct,5,3
atlas_pct_nslp15,4,3
mcc_end_pct,0,3
atlas_pct_laccess_black15,2,3
credit_bal_mtgcredit_new,8,3
credit_hh_1stmtgcredit,1,3
cons_chmi,2,3
rwjf_income_inequ_ratio,2,3
atlas_pct_laccess_pop15,3,3
atlas_pc_ffrsales12,11,3
atlas_hh65plusalonepct,1,3
atlas_pct_fmrkt_sfmnp16,4,3
auth_3mth_acute_mean_los,0,3
rx_hum_28_pmpm_cost,2,3
atlas_pct_laccess_nhna15,2,3
atlas_povertyallagespct,0,3
rx_nonbh_mbr_resp_pmpm_cost,21,3
rx_nonmaint_mbr_resp_pmpm_cost_9to12m_b4,6,3
atlas_pct_fmrkt_otherfood16,4,3
lab_dist_loinc_pmpm_ct,8,3
rx_generic_mbr_resp_pmpm_cost,9,3
atlas_pct_laccess_seniors15,1,3
atlas_pct_cacfp15,3,3
total_outpatient_allowed_pmpm_cost_6to9m_b4,0,3
rx_nonmaint_mbr_resp_pmpm_cost,7,3
credit_bal_nonmtgcredit_60dpd,1,3
atlas_ownhomepct,1,3
rx_overall_mbr_resp_pmpm_cost,10,3
atlas_redemp_snaps16,2,3
atlas_netmigrationrate1016,4,3
atlas_percapitainc,0,3
phy_em_px_pct,9,3
rx_generic_mbr_resp_pmpm_cost_0to3m_b4,5,3
bh_ncdm_ind,0,3
auth_3mth_post_acute_inf,0,3
rx_maint_net_paid_pmpm_cost_t_9-6-3m_b4,5,3
ccsp_065_pmpm_ct,0,3
auth_3mth_acute_vco,0,3
rx_gpi2_72_pmpm_ct_6to9m_b4,2,3
auth_3mth_post_acute_men,0,3
rej_total_physician_office_visit_ct_pmpm_0to3m_b4,0,3
total_physician_office_net_paid_pmpm_cost_t_9-6-3m_b4,2,3
bh_ip_snf_net_paid_pmpm_cost_0to3m_b4,0,3
mcc_ano_pmpm_ct_t_9-6-3m_b4,0,3
atlas_type_2015_update,1,3
atlas_retirement_destination_2015_upda,3,3
auth_3mth_post_acute_sns,0,3
atlas_hiamenity,0,3
cons_ltmedicr,12,3
auth_3mth_acute_ccs_086,0,3
total_physician_office_mbr_resp_pmpm_cost_t_9-6-3m_b4,5,3
auth_3mth_acute_cir,0,3
atlas_csa12,35,3
total_med_net_paid_pmpm_cost_t_6-3-0m_b4,7,3
cons_n2pwh,531,3
auth_3mth_snf_post_hsp,0,3
auth_3mth_post_acute_inj,0,3
med_outpatient_mbr_resp_pmpm_cost_t_9-6-3m_b4,4,3
rx_gpi2_56_dist_gpi6_pmpm_ct_3to6m_b4,5,3
atlas_low_employment_2015_update,0,3
auth_3mth_acute_inf,0,3
lab_albumin_loinc_pmpm_ct,17,3
rx_gpi2_17_pmpm_cost_t_12-9-6m_b4,44,3
cons_rxadhs,5,3
cons_mobplus,3,3
atlas_foodinsec_child_03_11,179,3
lang_spoken_cd,4,3
bh_ip_snf_mbr_resp_pmpm_cost_9to12m_b4,0,3
auth_3mth_post_acute_gus,0,3
auth_3mth_acute_cad,0,3
rx_maint_pmpm_ct_t_6-3-0m_b4,3,3
auth_3mth_acute_ccs_044,0,3
cons_hxmioc,13,3
med_outpatient_visit_ct_pmpm_t_12-9-6m_b4,1,3
med_physician_office_allowed_pmpm_cost_t_9-6-3m_b4,3,3
auth_3mth_acute_res,0,3
auth_3mth_acute_chf,0,3
auth_3mth_acute_ccs_030,0,3
auth_3mth_dc_hospice,0,3
auth_3mth_acute_neo,0,3
atlas_type_2015_recreation_no,0,3
hum_region,44,3
atlas_ghveg_farms12,59,3
rx_maint_net_paid_pmpm_cost_t_12-9-6m_b4,16,3
auth_3mth_acute_ccs_048,0,3
rx_overall_gpi_pmpm_ct_t_6-3-0m_b4,9,3
rx_overall_gpi_pmpm_ct_t_12-9-6m_b4,8,3
rx_nonbh_pmpm_ct_t_9-6-3m_b4,3,3
mcc_chf_pmpm_ct_t_9-6-3m_b4,11,3
auth_3mth_post_acute_chf,0,3
auth_3mth_psychic,0,3
rx_nonotc_pmpm_cost_t_6-3-0m_b4,8,3
auth_3mth_acute_end,0,3
atlas_low_education_2015_update,0,3
src_div_id,35,3
auth_3mth_bh_acute,0,3
auth_3mth_acute_ccs_067,0,3
atlas_type_2015_mining_no,1,3
cons_n2pmr,545,3
rx_mail_net_paid_pmpm_cost_t_6-3-0m_b4,19,3
rej_med_er_net_paid_pmpm_cost_t_9-6-3m_b4,0,3
med_outpatient_deduct_pmpm_cost_t_9-6-3m_b4,0,3
rej_med_ip_snf_coins_pmpm_cost_t_9-6-3m_b4,0,3
rx_generic_dist_gpi6_pmpm_ct_t_9-6-3m_b4,5,3
auth_3mth_dc_home,4,3
auth_3mth_acute_bld,0,3
auth_3mth_acute_ner,0,3
oontwk_mbr_resp_pmpm_cost_t_6-3-0m_b4,2,3
rx_gpi2_90_dist_gpi6_pmpm_ct_9to12m_b4,1,3
atlas_foodhub16,0,3
rx_maint_pmpm_cost_t_6-3-0m_b4,8,3
auth_3mth_post_acute_ben,0,3
est_age,428,3
auth_3mth_post_acute_cer,0,3
auth_3mth_acute_ccs_153,0,3
auth_3mth_acute_dig,0,3
total_ip_maternity_net_paid_pmpm_cost_t_12-9-6m_b4,1,3
auth_3mth_post_acute_cad,0,3
rx_bh_pmpm_ct_0to3m_b4,36,3
rx_nonmail_dist_gpi6_pmpm_ct_t_9-6-3m_b4,3,3
atlas_persistentchildpoverty_1980_2011,0,3
atlas_slhouse12,3,3
atlas_population_loss_2015_update,0,3
auth_3mth_acute_ccs_094,0,3
auth_3mth_post_acute_ner,0,3
auth_3mth_acute_ccs_227,0,3
rx_overall_dist_gpi6_pmpm_ct_t_6-3-0m_b4,12,3
auth_3mth_acute_trm,0,3
auth_3mth_post_acute,0,3
auth_3mth_acute_dia,0,3
auth_3mth_acute_ccs_043,0,3
rx_overall_mbr_resp_pmpm_cost_t_6-3-0m_b4,36,3
cms_orig_reas_entitle_cd,10,3
auth_3mth_post_acute_end,0,3
auth_3mth_acute_can,0,3
auth_3mth_acute_ccs_172,0,3
auth_3mth_dc_home_health,0,3
atlas_hipov_1115,6,3
rx_phar_cat_cvs_pmpm_ct_t_9-6-3m_b4,19,3
rx_gpi2_62_pmpm_cost_t_9-6-3m_b4,0,3
cons_n2phi,268,3
auth_3mth_post_acute_hdz,0,3
auth_3mth_bh_acute_mean_los,0,3
auth_3mth_post_acute_dig,0,3
auth_3mth_transplant,0,3
rx_mail_mbr_resp_pmpm_cost_t_9-6-3m_b4,6,3
auth_3mth_acute_sns,0,3
auth_3mth_post_acute_vco,0,3
auth_3mth_home,2,3
rx_nonbh_net_paid_pmpm_cost_t_6-3-0m_b4,4,3
auth_3mth_post_acute_ckd,0,3
rx_gpi2_34_dist_gpi6_pmpm_ct,4,3
rx_gpi2_33_pmpm_ct_0to3m_b4,0,3
auth_3mth_dc_ltac,0,3
cons_estinv30_rc,21,3
rx_phar_cat_humana_pmpm_ct_t_9-6-3m_b4,5,3
auth_3mth_acute_men,0,3
auth_3mth_dc_snf,2,3
cons_hhcomp,16,3
bh_ip_snf_mbr_resp_pmpm_cost_6to9m_b4,0,3
auth_3mth_acute_inj,0,3
total_physician_office_visit_ct_pmpm_t_6-3-0m_b4,2,3
mabh_seg,32,3
auth_3mth_post_acute_res,0,3
auth_3mth_bh_acute_men,0,3
auth_3mth_acute_hdz,0,3
hedis_dia_hba1c_ge9,0,3
auth_3mth_post_acute_trm,0,3
auth_3mth_hospice,0,3
rx_gpi2_39_pmpm_cost_t_6-3-0m_b4,25,3
atlas_vlfoodsec_13_15,60,3
auth_3mth_dc_acute_rehab,0,3
rx_generic_pmpm_cost_t_6-3-0m_b4,12,3
auth_3mth_acute_ccs_154,0,3
cons_rxmaint,6,3
total_bh_copay_pmpm_cost_t_9-6-3m_b4,1,3
rx_nonmaint_dist_gpi6_pmpm_ct_t_12-9-6m_b4,5,3
rej_med_outpatient_visit_ct_pmpm_t_6-3-0m_b4,1,3
cons_rxadhm,26,3
auth_3mth_acute_mus,0,3
rx_nonbh_pmpm_cost_t_9-6-3m_b4,4,3
rx_days_since_last_script_0to3m_b4,363,3
auth_3mth_post_acute_cir,0,3
auth_3mth_post_acute_dia,0,3
auth_3mth_post_er,0,3
auth_3mth_dc_no_ref,0,3
bh_ip_snf_mbr_resp_pmpm_cost_3to6m_b4,0,3
auth_3mth_acute,3,3
rx_branded_pmpm_ct_t_6-3-0m_b4,2,3
atlas_farm_to_school13,0,3
auth_3mth_acute_cer,0,3
med_ambulance_coins_pmpm_cost_t_9-6-3m_b4,0,3
auth_3mth_acute_gus,0,3
rx_gpi4_6110_pmpm_ct,1,3
cons_hxwearbl,1,3
auth_3mth_ltac,0,3
auth_3mth_acute_ckd,0,3
bh_ip_snf_net_paid_pmpm_cost_6to9m_b4,0,3
sex_cd,9,3
days_since_last_clm_0to3m_b4,519,3
atlas_perpov_1980_0711,0,3
auth_3mth_post_acute_mus,0,3
auth_3mth_non_er,0,3
bh_ncal_ind,0,3
auth_3mth_facility,0,3
atlas_foodinsec_13_15,182,3
auth_3mth_dc_left_ama,0,3
race_cd,42,3
bh_ip_snf_admit_days_pmpm_t_9-6-3m_b4,0,3
auth_3mth_dc_other,0,3
cons_stlnindx,11,3
auth_3mth_acute_skn,0,3
total_allowed_pmpm_cost_t_9-6-3m_b4,12,3
auth_3mth_rehab,0,3
bh_urgent_care_copay_pmpm_cost_t_12-9-6m_b4,1,3
auth_3mth_dc_custodial,0,3
auth_3mth_snf_direct,0,3
auth_3mth_acute_ccs_042,0,3
bh_ip_snf_net_paid_pmpm_cost_9to12m_b4,0,3
bh_ip_snf_net_paid_pmpm_cost_3to6m_b4,0,3
rx_maint_pmpm_cost_t_12-9-6m_b4,10,3
auth_3mth_post_acute_rsk,0,3
rev_cms_ansth_pmpm_ct,1,3
cons_cwht,506,3
atlas_pct_diabetes_adults13,1,4
atlas_pct_wic15,5,4
total_physician_office_net_paid_pmpm_cost_9to12m_b4,0,4
atlas_pct_laccess_hisp15,1,4
atlas_pct_fmrkt_frveg16,0,4
credit_hh_nonmtgcredit_60dpd,14,4
atlas_dirsales_farms12,1,4
rx_nonmaint_pmpm_ct,1,4
zip_cd,3,4
atlas_pct_laccess_white15,1,4
credit_hh_bankcard_severederog,29,4
atlas_pct_fmrkt_credit16,0,4
credit_bal_autofinance_new,0,4
rej_days_since_last_clm,2,4
rx_generic_pmpm_ct_0to3m_b4,24,4
rwjf_social_associate_rate,0,4
med_physician_office_ds_clm_6to9m_b4,0,4
atlas_totalocchu,15,4
atlas_veg_acrespth12,0,4
atlas_pct_loclsale12,5,4
atlas_pct_fmrkt_anmlprod16,2,4
atlas_freshveg_farms12,0,4
rwjf_resident_seg_black_inx,0,4
atlas_pct_loclfarm12,1,4
total_outpatient_mbr_resp_pmpm_cost_6to9m_b4,2,4
atlas_berry_acrespth12,0,4
rx_maint_pmpm_ct_9to12m_b4,9,4
rx_tier_2_pmpm_ct,14,4
atlas_agritrsm_rct12,0,4
atlas_pct_laccess_snap15,1,4
atlas_deep_pov_all,0,4
ccsp_227_pct,12,4
bh_outpatient_net_paid_pmpm_cost,0,4
atlas_veg_farms12,0,4
rx_hum_16_pmpm_ct,10,4
cms_risk_adjustment_factor_a_amt,28,4
atlas_recfac14,17,4
total_physician_office_copay_pmpm_cost,0,4
atlas_pc_fsrsales12,0,4
atlas_pct_fmrkt_baked16,0,4
atlas_net_international_migration_rate,4,4
rx_maint_mbr_resp_pmpm_cost_6to9m_b4,0,4
rx_generic_pmpm_cost_6to9m_b4,5,4
rx_gpi2_49_pmpm_cost_0to3m_b4,3,4
atlas_pct_sbp15,8,4
atlas_pct_laccess_child15,0,4
met_obe_diag_pct,3,4
atlas_orchard_acrespth12,0,4
atlas_pct_laccess_hhnv15,3,4
cnt_cp_webstatement_pmpm_ct,18,4
atlas_pct_laccess_lowi15,3,4
rx_gpi2_02_pmpm_cost,0,4
cms_partd_ra_factor_amt,7,4
atlas_pct_free_lunch14,0,4
rx_tier_2_pmpm_ct_3to6m_b4,10,4
cons_chva,5,4
atlas_pct_fmrkt_wiccash16,0,4
rx_overall_net_paid_pmpm_cost_6to9m_b4,0,4
total_med_allowed_pmpm_cost_9to12m_b4,0,4
bh_physician_office_copay_pmpm_cost_6to9m_b4,0,4
atlas_pct_snap16,5,4
atlas_ghveg_sqftpth12,0,4
atlas_pc_dirsales12,6,4
atlas_pct_reduced_lunch14,3,4
ccsp_236_pct,0,4
atlas_deep_pov_children,1,4
atlas_pct_sfsp15,4,4
rwjf_air_pollute_density,0,4
rx_generic_pmpm_cost,18,4
cms_tot_partd_payment_amt,45,4
cons_nwperadult,22,4
rx_days_since_last_script,4,4
atlas_pct_laccess_nhasian15,5,4
rx_nonbh_mbr_resp_pmpm_cost_6to9m_b4,10,4
rx_days_since_last_script_6to9m_b4,0,4
atlas_pct_obese_adults13,3,4
credit_bal_consumerfinance,14,4
atlas_pct_fmrkt_wic16,0,4
atlas_orchard_farms12,1,4
atlas_berry_farms12,1,4
atlas_pct_laccess_multir15,0,4
rx_bh_mbr_resp_pmpm_cost_9to12m_b4,0,4
atlas_pc_wic_redemp12,0,4
rwjf_mv_deaths_rate,2,4
atlas_povertyunder18pct,0,4
rx_gpi2_72_pmpm_cost_6to9m_b4,0,4
atlas_pct_fmrkt_snap16,0,4
atlas_medhhinc,1,4
rx_nonbh_net_paid_pmpm_cost,2,4
credit_bal_bankcard_severederog,0,4
bh_ip_snf_net_paid_pmpm_cost,0,4
atlas_pc_snapben15,0,4
rx_nonbh_pmpm_ct_0to3m_b4,5,4
rx_overall_mbr_resp_pmpm_cost_0to3m_b4,13,4
auth_3mth_post_acute_mean_los,0,4
rx_branded_mbr_resp_pmpm_cost,1,4
rx_tier_1_pmpm_ct_0to3m_b4,12,4
bh_ncdm_pct,0,4
atlas_naturalchangerate1016,2,4
rx_mail_mbr_resp_pmpm_cost_0to3m_b4,0,4
credit_bal_autobank,0,4
rx_nonotc_dist_gpi6_pmpm_ct,3,4
cons_cgqs,20,4
rx_overall_gpi_pmpm_ct_0to3m_b4,24,4
credit_hh_bankcardcredit_60dpd,21,4
rx_gpi2_01_pmpm_cost_0to3m_b4,0,4
cci_dia_m_pmpm_ct,5,4
atlas_pct_nslp15,3,4
mcc_end_pct,0,4
atlas_pct_laccess_black15,2,4
credit_bal_mtgcredit_new,8,4
credit_hh_1stmtgcredit,3,4
cons_chmi,0,4
rwjf_income_inequ_ratio,0,4
atlas_pct_laccess_pop15,0,4
atlas_pc_ffrsales12,3,4
atlas_hh65plusalonepct,0,4
atlas_pct_fmrkt_sfmnp16,1,4
auth_3mth_acute_mean_los,3,4
rx_hum_28_pmpm_cost,0,4
atlas_pct_laccess_nhna15,1,4
atlas_povertyallagespct,0,4
rx_nonbh_mbr_resp_pmpm_cost,21,4
rx_nonmaint_mbr_resp_pmpm_cost_9to12m_b4,7,4
atlas_pct_fmrkt_otherfood16,3,4
lab_dist_loinc_pmpm_ct,10,4
rx_generic_mbr_resp_pmpm_cost,13,4
atlas_pct_laccess_seniors15,0,4
atlas_pct_cacfp15,3,4
total_outpatient_allowed_pmpm_cost_6to9m_b4,0,4
rx_nonmaint_mbr_resp_pmpm_cost,6,4
credit_bal_nonmtgcredit_60dpd,4,4
atlas_ownhomepct,0,4
rx_overall_mbr_resp_pmpm_cost,7,4
atlas_redemp_snaps16,2,4
atlas_netmigrationrate1016,1,4
atlas_percapitainc,2,4
phy_em_px_pct,11,4
rx_generic_mbr_resp_pmpm_cost_0to3m_b4,9,4
bh_ncdm_ind,0,4
auth_3mth_post_acute_inf,0,4
rx_maint_net_paid_pmpm_cost_t_9-6-3m_b4,5,4
ccsp_065_pmpm_ct,0,4
auth_3mth_acute_vco,0,4
rx_gpi2_72_pmpm_ct_6to9m_b4,2,4
auth_3mth_post_acute_men,0,4
rej_total_physician_office_visit_ct_pmpm_0to3m_b4,0,4
total_physician_office_net_paid_pmpm_cost_t_9-6-3m_b4,0,4
bh_ip_snf_net_paid_pmpm_cost_0to3m_b4,0,4
mcc_ano_pmpm_ct_t_9-6-3m_b4,0,4
atlas_type_2015_update,1,4
atlas_retirement_destination_2015_upda,2,4
auth_3mth_post_acute_sns,0,4
atlas_hiamenity,0,4
cons_ltmedicr,7,4
auth_3mth_acute_ccs_086,0,4
total_physician_office_mbr_resp_pmpm_cost_t_9-6-3m_b4,0,4
auth_3mth_acute_cir,0,4
atlas_csa12,29,4
total_med_net_paid_pmpm_cost_t_6-3-0m_b4,2,4
cons_n2pwh,422,4
auth_3mth_snf_post_hsp,0,4
auth_3mth_post_acute_inj,0,4
med_outpatient_mbr_resp_pmpm_cost_t_9-6-3m_b4,4,4
rx_gpi2_56_dist_gpi6_pmpm_ct_3to6m_b4,2,4
atlas_low_employment_2015_update,0,4
auth_3mth_acute_inf,0,4
lab_albumin_loinc_pmpm_ct,13,4
rx_gpi2_17_pmpm_cost_t_12-9-6m_b4,45,4
cons_rxadhs,4,4
cons_mobplus,0,4
atlas_foodinsec_child_03_11,93,4
lang_spoken_cd,5,4
bh_ip_snf_mbr_resp_pmpm_cost_9to12m_b4,0,4
auth_3mth_post_acute_gus,0,4
auth_3mth_acute_cad,0,4
rx_maint_pmpm_ct_t_6-3-0m_b4,3,4
auth_3mth_acute_ccs_044,0,4
cons_hxmioc,14,4
med_outpatient_visit_ct_pmpm_t_12-9-6m_b4,3,4
med_physician_office_allowed_pmpm_cost_t_9-6-3m_b4,1,4
auth_3mth_acute_res,0,4
auth_3mth_acute_chf,0,4
auth_3mth_acute_ccs_030,0,4
auth_3mth_dc_hospice,0,4
auth_3mth_acute_neo,0,4
atlas_type_2015_recreation_no,0,4
hum_region,28,4
atlas_ghveg_farms12,53,4
rx_maint_net_paid_pmpm_cost_t_12-9-6m_b4,12,4
auth_3mth_acute_ccs_048,0,4
rx_overall_gpi_pmpm_ct_t_6-3-0m_b4,5,4
rx_overall_gpi_pmpm_ct_t_12-9-6m_b4,7,4
rx_nonbh_pmpm_ct_t_9-6-3m_b4,4,4
mcc_chf_pmpm_ct_t_9-6-3m_b4,8,4
auth_3mth_post_acute_chf,0,4
auth_3mth_psychic,0,4
rx_nonotc_pmpm_cost_t_6-3-0m_b4,12,4
auth_3mth_acute_end,0,4
atlas_low_education_2015_update,0,4
src_div_id,35,4
auth_3mth_bh_acute,0,4
auth_3mth_acute_ccs_067,0,4
atlas_type_2015_mining_no,0,4
cons_n2pmr,272,4
rx_mail_net_paid_pmpm_cost_t_6-3-0m_b4,14,4
rej_med_er_net_paid_pmpm_cost_t_9-6-3m_b4,0,4
med_outpatient_deduct_pmpm_cost_t_9-6-3m_b4,0,4
rej_med_ip_snf_coins_pmpm_cost_t_9-6-3m_b4,0,4
rx_generic_dist_gpi6_pmpm_ct_t_9-6-3m_b4,3,4
auth_3mth_dc_home,2,4
auth_3mth_acute_bld,0,4
auth_3mth_acute_ner,0,4
oontwk_mbr_resp_pmpm_cost_t_6-3-0m_b4,2,4
rx_gpi2_90_dist_gpi6_pmpm_ct_9to12m_b4,1,4
atlas_foodhub16,3,4
rx_maint_pmpm_cost_t_6-3-0m_b4,5,4
auth_3mth_post_acute_ben,0,4
est_age,249,4
auth_3mth_post_acute_cer,0,4
auth_3mth_acute_ccs_153,0,4
auth_3mth_acute_dig,0,4
total_ip_maternity_net_paid_pmpm_cost_t_12-9-6m_b4,0,4
auth_3mth_post_acute_cad,0,4
rx_bh_pmpm_ct_0to3m_b4,25,4
rx_nonmail_dist_gpi6_pmpm_ct_t_9-6-3m_b4,0,4
atlas_persistentchildpoverty_1980_2011,1,4
atlas_slhouse12,2,4
atlas_population_loss_2015_update,0,4
auth_3mth_acute_ccs_094,0,4
auth_3mth_post_acute_ner,0,4
auth_3mth_acute_ccs_227,0,4
rx_overall_dist_gpi6_pmpm_ct_t_6-3-0m_b4,12,4
auth_3mth_acute_trm,0,4
auth_3mth_post_acute,0,4
auth_3mth_acute_dia,0,4
auth_3mth_acute_ccs_043,0,4
rx_overall_mbr_resp_pmpm_cost_t_6-3-0m_b4,28,4
cms_orig_reas_entitle_cd,14,4
auth_3mth_post_acute_end,0,4
auth_3mth_acute_can,0,4
auth_3mth_acute_ccs_172,0,4
auth_3mth_dc_home_health,0,4
atlas_hipov_1115,5,4
rx_phar_cat_cvs_pmpm_ct_t_9-6-3m_b4,15,4
rx_gpi2_62_pmpm_cost_t_9-6-3m_b4,1,4
cons_n2phi,260,4
auth_3mth_post_acute_hdz,0,4
auth_3mth_bh_acute_mean_los,0,4
auth_3mth_post_acute_dig,0,4
auth_3mth_transplant,0,4
rx_mail_mbr_resp_pmpm_cost_t_9-6-3m_b4,9,4
auth_3mth_acute_sns,0,4
auth_3mth_post_acute_vco,0,4
auth_3mth_home,3,4
rx_nonbh_net_paid_pmpm_cost_t_6-3-0m_b4,1,4
auth_3mth_post_acute_ckd,0,4
rx_gpi2_34_dist_gpi6_pmpm_ct,1,4
rx_gpi2_33_pmpm_ct_0to3m_b4,1,4
auth_3mth_dc_ltac,0,4
cons_estinv30_rc,23,4
rx_phar_cat_humana_pmpm_ct_t_9-6-3m_b4,1,4
auth_3mth_acute_men,0,4
auth_3mth_dc_snf,0,4
cons_hhcomp,19,4
bh_ip_snf_mbr_resp_pmpm_cost_6to9m_b4,0,4
auth_3mth_acute_inj,0,4
total_physician_office_visit_ct_pmpm_t_6-3-0m_b4,0,4
mabh_seg,28,4
auth_3mth_post_acute_res,0,4
auth_3mth_bh_acute_men,0,4
auth_3mth_acute_hdz,0,4
hedis_dia_hba1c_ge9,0,4
auth_3mth_post_acute_trm,0,4
auth_3mth_hospice,0,4
rx_gpi2_39_pmpm_cost_t_6-3-0m_b4,19,4
atlas_vlfoodsec_13_15,73,4
auth_3mth_dc_acute_rehab,0,4
rx_generic_pmpm_cost_t_6-3-0m_b4,8,4
auth_3mth_acute_ccs_154,0,4
cons_rxmaint,6,4
total_bh_copay_pmpm_cost_t_9-6-3m_b4,1,4
rx_nonmaint_dist_gpi6_pmpm_ct_t_12-9-6m_b4,2,4
rej_med_outpatient_visit_ct_pmpm_t_6-3-0m_b4,3,4
cons_rxadhm,15,4
auth_3mth_acute_mus,0,4
rx_nonbh_pmpm_cost_t_9-6-3m_b4,1,4
rx_days_since_last_script_0to3m_b4,376,4
auth_3mth_post_acute_cir,0,4
auth_3mth_post_acute_dia,0,4
auth_3mth_post_er,0,4
auth_3mth_dc_no_ref,0,4
bh_ip_snf_mbr_resp_pmpm_cost_3to6m_b4,1,4
auth_3mth_acute,2,4
rx_branded_pmpm_ct_t_6-3-0m_b4,1,4
atlas_farm_to_school13,0,4
auth_3mth_acute_cer,0,4
med_ambulance_coins_pmpm_cost_t_9-6-3m_b4,0,4
auth_3mth_acute_gus,0,4
rx_gpi4_6110_pmpm_ct,1,4
cons_hxwearbl,0,4
auth_3mth_ltac,0,4
auth_3mth_acute_ckd,0,4
bh_ip_snf_net_paid_pmpm_cost_6to9m_b4,0,4
sex_cd,8,4
days_since_last_clm_0to3m_b4,525,4
atlas_perpov_1980_0711,1,4
auth_3mth_post_acute_mus,0,4
auth_3mth_non_er,0,4
bh_ncal_ind,0,4
auth_3mth_facility,1,4
atlas_foodinsec_13_15,183,4
auth_3mth_dc_left_ama,0,4
race_cd,42,4
bh_ip_snf_admit_days_pmpm_t_9-6-3m_b4,0,4
auth_3mth_dc_other,0,4
cons_stlnindx,8,4
auth_3mth_acute_skn,0,4
total_allowed_pmpm_cost_t_9-6-3m_b4,8,4
auth_3mth_rehab,0,4
bh_urgent_care_copay_pmpm_cost_t_12-9-6m_b4,0,4
auth_3mth_dc_custodial,0,4
auth_3mth_snf_direct,0,4
auth_3mth_acute_ccs_042,0,4
bh_ip_snf_net_paid_pmpm_cost_9to12m_b4,0,4
bh_ip_snf_net_paid_pmpm_cost_3to6m_b4,0,4
rx_maint_pmpm_cost_t_12-9-6m_b4,3,4
auth_3mth_post_acute_rsk,0,4
rev_cms_ansth_pmpm_ct,0,4
cons_cwht,424,4
atlas_pct_diabetes_adults13,1,5
atlas_pct_wic15,5,5
total_physician_office_net_paid_pmpm_cost_9to12m_b4,0,5
atlas_pct_laccess_hisp15,0,5
atlas_pct_fmrkt_frveg16,2,5
credit_hh_nonmtgcredit_60dpd,26,5
atlas_dirsales_farms12,0,5
rx_nonmaint_pmpm_ct,1,5
zip_cd,3,5
atlas_pct_laccess_white15,3,5
credit_hh_bankcard_severederog,19,5
atlas_pct_fmrkt_credit16,1,5
credit_bal_autofinance_new,0,5
rej_days_since_last_clm,1,5
rx_generic_pmpm_ct_0to3m_b4,31,5
rwjf_social_associate_rate,0,5
med_physician_office_ds_clm_6to9m_b4,0,5
atlas_totalocchu,21,5
atlas_veg_acrespth12,0,5
atlas_pct_loclsale12,3,5
atlas_pct_fmrkt_anmlprod16,3,5
atlas_freshveg_farms12,0,5
rwjf_resident_seg_black_inx,2,5
atlas_pct_loclfarm12,0,5
total_outpatient_mbr_resp_pmpm_cost_6to9m_b4,0,5
atlas_berry_acrespth12,0,5
rx_maint_pmpm_ct_9to12m_b4,9,5
rx_tier_2_pmpm_ct,18,5
atlas_agritrsm_rct12,3,5
atlas_pct_laccess_snap15,0,5
atlas_deep_pov_all,1,5
ccsp_227_pct,8,5
bh_outpatient_net_paid_pmpm_cost,0,5
atlas_veg_farms12,0,5
rx_hum_16_pmpm_ct,8,5
cms_risk_adjustment_factor_a_amt,35,5
atlas_recfac14,12,5
total_physician_office_copay_pmpm_cost,0,5
atlas_pc_fsrsales12,4,5
atlas_pct_fmrkt_baked16,0,5
atlas_net_international_migration_rate,2,5
rx_maint_mbr_resp_pmpm_cost_6to9m_b4,3,5
rx_generic_pmpm_cost_6to9m_b4,9,5
rx_gpi2_49_pmpm_cost_0to3m_b4,2,5
atlas_pct_sbp15,9,5
atlas_pct_laccess_child15,0,5
met_obe_diag_pct,3,5
atlas_orchard_acrespth12,0,5
atlas_pct_laccess_hhnv15,3,5
cnt_cp_webstatement_pmpm_ct,21,5
atlas_pct_laccess_lowi15,3,5
rx_gpi2_02_pmpm_cost,0,5
cms_partd_ra_factor_amt,11,5
atlas_pct_free_lunch14,1,5
rx_tier_2_pmpm_ct_3to6m_b4,9,5
cons_chva,3,5
atlas_pct_fmrkt_wiccash16,0,5
rx_overall_net_paid_pmpm_cost_6to9m_b4,1,5
total_med_allowed_pmpm_cost_9to12m_b4,0,5
bh_physician_office_copay_pmpm_cost_6to9m_b4,0,5
atlas_pct_snap16,8,5
atlas_ghveg_sqftpth12,0,5
atlas_pc_dirsales12,8,5
atlas_pct_reduced_lunch14,4,5
ccsp_236_pct,1,5
atlas_deep_pov_children,0,5
atlas_pct_sfsp15,0,5
rwjf_air_pollute_density,2,5
rx_generic_pmpm_cost,9,5
cms_tot_partd_payment_amt,39,5
cons_nwperadult,23,5
rx_days_since_last_script,1,5
atlas_pct_laccess_nhasian15,3,5
rx_nonbh_mbr_resp_pmpm_cost_6to9m_b4,9,5
rx_days_since_last_script_6to9m_b4,2,5
atlas_pct_obese_adults13,0,5
credit_bal_consumerfinance,14,5
atlas_pct_fmrkt_wic16,0,5
atlas_orchard_farms12,1,5
atlas_berry_farms12,0,5
atlas_pct_laccess_multir15,3,5
rx_bh_mbr_resp_pmpm_cost_9to12m_b4,0,5
atlas_pc_wic_redemp12,0,5
rwjf_mv_deaths_rate,5,5
atlas_povertyunder18pct,0,5
rx_gpi2_72_pmpm_cost_6to9m_b4,0,5
atlas_pct_fmrkt_snap16,0,5
atlas_medhhinc,0,5
rx_nonbh_net_paid_pmpm_cost,0,5
credit_bal_bankcard_severederog,1,5
bh_ip_snf_net_paid_pmpm_cost,0,5
atlas_pc_snapben15,0,5
rx_nonbh_pmpm_ct_0to3m_b4,5,5
rx_overall_mbr_resp_pmpm_cost_0to3m_b4,14,5
auth_3mth_post_acute_mean_los,0,5
rx_branded_mbr_resp_pmpm_cost,0,5
rx_tier_1_pmpm_ct_0to3m_b4,11,5
bh_ncdm_pct,0,5
atlas_naturalchangerate1016,0,5
rx_mail_mbr_resp_pmpm_cost_0to3m_b4,2,5
credit_bal_autobank,0,5
rx_nonotc_dist_gpi6_pmpm_ct,7,5
cons_cgqs,25,5
rx_overall_gpi_pmpm_ct_0to3m_b4,22,5
credit_hh_bankcardcredit_60dpd,20,5
rx_gpi2_01_pmpm_cost_0to3m_b4,0,5
cci_dia_m_pmpm_ct,4,5
atlas_pct_nslp15,4,5
mcc_end_pct,1,5
atlas_pct_laccess_black15,1,5
credit_bal_mtgcredit_new,6,5
credit_hh_1stmtgcredit,2,5
cons_chmi,3,5
rwjf_income_inequ_ratio,0,5
atlas_pct_laccess_pop15,1,5
atlas_pc_ffrsales12,12,5
atlas_hh65plusalonepct,0,5
atlas_pct_fmrkt_sfmnp16,3,5
auth_3mth_acute_mean_los,0,5
rx_hum_28_pmpm_cost,0,5
atlas_pct_laccess_nhna15,1,5
atlas_povertyallagespct,0,5
rx_nonbh_mbr_resp_pmpm_cost,19,5
rx_nonmaint_mbr_resp_pmpm_cost_9to12m_b4,3,5
atlas_pct_fmrkt_otherfood16,1,5
lab_dist_loinc_pmpm_ct,10,5
rx_generic_mbr_resp_pmpm_cost,11,5
atlas_pct_laccess_seniors15,0,5
atlas_pct_cacfp15,1,5
total_outpatient_allowed_pmpm_cost_6to9m_b4,0,5
rx_nonmaint_mbr_resp_pmpm_cost,4,5
credit_bal_nonmtgcredit_60dpd,8,5
atlas_ownhomepct,0,5
rx_overall_mbr_resp_pmpm_cost,6,5
atlas_redemp_snaps16,1,5
atlas_netmigrationrate1016,4,5
atlas_percapitainc,2,5
phy_em_px_pct,7,5
rx_generic_mbr_resp_pmpm_cost_0to3m_b4,11,5
bh_ncdm_ind,0,5
auth_3mth_post_acute_inf,0,5
rx_maint_net_paid_pmpm_cost_t_9-6-3m_b4,5,5
ccsp_065_pmpm_ct,0,5
auth_3mth_acute_vco,0,5
rx_gpi2_72_pmpm_ct_6to9m_b4,2,5
auth_3mth_post_acute_men,0,5
rej_total_physician_office_visit_ct_pmpm_0to3m_b4,0,5
total_physician_office_net_paid_pmpm_cost_t_9-6-3m_b4,1,5
bh_ip_snf_net_paid_pmpm_cost_0to3m_b4,0,5
mcc_ano_pmpm_ct_t_9-6-3m_b4,0,5
atlas_type_2015_update,0,5
atlas_retirement_destination_2015_upda,3,5
auth_3mth_post_acute_sns,0,5
atlas_hiamenity,1,5
cons_ltmedicr,9,5
auth_3mth_acute_ccs_086,0,5
total_physician_office_mbr_resp_pmpm_cost_t_9-6-3m_b4,1,5
auth_3mth_acute_cir,0,5
atlas_csa12,27,5
total_med_net_paid_pmpm_cost_t_6-3-0m_b4,6,5
cons_n2pwh,668,5
auth_3mth_snf_post_hsp,0,5
auth_3mth_post_acute_inj,0,5
med_outpatient_mbr_resp_pmpm_cost_t_9-6-3m_b4,8,5
rx_gpi2_56_dist_gpi6_pmpm_ct_3to6m_b4,2,5
atlas_low_employment_2015_update,0,5
auth_3mth_acute_inf,0,5
lab_albumin_loinc_pmpm_ct,18,5
rx_gpi2_17_pmpm_cost_t_12-9-6m_b4,39,5
cons_rxadhs,6,5
cons_mobplus,0,5
atlas_foodinsec_child_03_11,137,5
lang_spoken_cd,6,5
bh_ip_snf_mbr_resp_pmpm_cost_9to12m_b4,0,5
auth_3mth_post_acute_gus,0,5
auth_3mth_acute_cad,0,5
rx_maint_pmpm_ct_t_6-3-0m_b4,4,5
auth_3mth_acute_ccs_044,0,5
cons_hxmioc,11,5
med_outpatient_visit_ct_pmpm_t_12-9-6m_b4,1,5
med_physician_office_allowed_pmpm_cost_t_9-6-3m_b4,0,5
auth_3mth_acute_res,0,5
auth_3mth_acute_chf,0,5
auth_3mth_acute_ccs_030,0,5
auth_3mth_dc_hospice,0,5
auth_3mth_acute_neo,0,5
atlas_type_2015_recreation_no,0,5
hum_region,20,5
atlas_ghveg_farms12,43,5
rx_maint_net_paid_pmpm_cost_t_12-9-6m_b4,10,5
auth_3mth_acute_ccs_048,0,5
rx_overall_gpi_pmpm_ct_t_6-3-0m_b4,5,5
rx_overall_gpi_pmpm_ct_t_12-9-6m_b4,3,5
rx_nonbh_pmpm_ct_t_9-6-3m_b4,5,5
mcc_chf_pmpm_ct_t_9-6-3m_b4,9,5
auth_3mth_post_acute_chf,0,5
auth_3mth_psychic,0,5
rx_nonotc_pmpm_cost_t_6-3-0m_b4,20,5
auth_3mth_acute_end,0,5
atlas_low_education_2015_update,0,5
src_div_id,33,5
auth_3mth_bh_acute,0,5
auth_3mth_acute_ccs_067,0,5
atlas_type_2015_mining_no,1,5
cons_n2pmr,366,5
rx_mail_net_paid_pmpm_cost_t_6-3-0m_b4,19,5
rej_med_er_net_paid_pmpm_cost_t_9-6-3m_b4,0,5
med_outpatient_deduct_pmpm_cost_t_9-6-3m_b4,0,5
rej_med_ip_snf_coins_pmpm_cost_t_9-6-3m_b4,0,5
rx_generic_dist_gpi6_pmpm_ct_t_9-6-3m_b4,5,5
auth_3mth_dc_home,3,5
auth_3mth_acute_bld,0,5
auth_3mth_acute_ner,0,5
oontwk_mbr_resp_pmpm_cost_t_6-3-0m_b4,2,5
rx_gpi2_90_dist_gpi6_pmpm_ct_9to12m_b4,1,5
atlas_foodhub16,0,5
rx_maint_pmpm_cost_t_6-3-0m_b4,7,5
auth_3mth_post_acute_ben,0,5
est_age,333,5
auth_3mth_post_acute_cer,0,5
auth_3mth_acute_ccs_153,0,5
auth_3mth_acute_dig,0,5
total_ip_maternity_net_paid_pmpm_cost_t_12-9-6m_b4,0,5
auth_3mth_post_acute_cad,0,5
rx_bh_pmpm_ct_0to3m_b4,29,5
rx_nonmail_dist_gpi6_pmpm_ct_t_9-6-3m_b4,0,5
atlas_persistentchildpoverty_1980_2011,0,5
atlas_slhouse12,2,5
atlas_population_loss_2015_update,0,5
auth_3mth_acute_ccs_094,0,5
auth_3mth_post_acute_ner,0,5
auth_3mth_acute_ccs_227,0,5
rx_overall_dist_gpi6_pmpm_ct_t_6-3-0m_b4,11,5
auth_3mth_acute_trm,0,5
auth_3mth_post_acute,0,5
auth_3mth_acute_dia,0,5
auth_3mth_acute_ccs_043,0,5
rx_overall_mbr_resp_pmpm_cost_t_6-3-0m_b4,33,5
cms_orig_reas_entitle_cd,8,5
auth_3mth_post_acute_end,0,5
auth_3mth_acute_can,0,5
auth_3mth_acute_ccs_172,0,5
auth_3mth_dc_home_health,0,5
atlas_hipov_1115,5,5
rx_phar_cat_cvs_pmpm_ct_t_9-6-3m_b4,15,5
rx_gpi2_62_pmpm_cost_t_9-6-3m_b4,1,5
cons_n2phi,276,5
auth_3mth_post_acute_hdz,0,5
auth_3mth_bh_acute_mean_los,0,5
auth_3mth_post_acute_dig,0,5
auth_3mth_transplant,0,5
rx_mail_mbr_resp_pmpm_cost_t_9-6-3m_b4,2,5
auth_3mth_acute_sns,0,5
auth_3mth_post_acute_vco,0,5
auth_3mth_home,0,5
rx_nonbh_net_paid_pmpm_cost_t_6-3-0m_b4,2,5
auth_3mth_post_acute_ckd,0,5
rx_gpi2_34_dist_gpi6_pmpm_ct,2,5
rx_gpi2_33_pmpm_ct_0to3m_b4,1,5
auth_3mth_dc_ltac,0,5
cons_estinv30_rc,29,5
rx_phar_cat_humana_pmpm_ct_t_9-6-3m_b4,4,5
auth_3mth_acute_men,0,5
auth_3mth_dc_snf,1,5
cons_hhcomp,16,5
bh_ip_snf_mbr_resp_pmpm_cost_6to9m_b4,0,5
auth_3mth_acute_inj,0,5
total_physician_office_visit_ct_pmpm_t_6-3-0m_b4,0,5
mabh_seg,25,5
auth_3mth_post_acute_res,0,5
auth_3mth_bh_acute_men,0,5
auth_3mth_acute_hdz,0,5
hedis_dia_hba1c_ge9,0,5
auth_3mth_post_acute_trm,0,5
auth_3mth_hospice,0,5
rx_gpi2_39_pmpm_cost_t_6-3-0m_b4,20,5
atlas_vlfoodsec_13_15,69,5
auth_3mth_dc_acute_rehab,0,5
rx_generic_pmpm_cost_t_6-3-0m_b4,5,5
auth_3mth_acute_ccs_154,0,5
cons_rxmaint,7,5
total_bh_copay_pmpm_cost_t_9-6-3m_b4,0,5
rx_nonmaint_dist_gpi6_pmpm_ct_t_12-9-6m_b4,0,5
rej_med_outpatient_visit_ct_pmpm_t_6-3-0m_b4,3,5
cons_rxadhm,13,5
auth_3mth_acute_mus,0,5
rx_nonbh_pmpm_cost_t_9-6-3m_b4,4,5
rx_days_since_last_script_0to3m_b4,301,5
auth_3mth_post_acute_cir,0,5
auth_3mth_post_acute_dia,0,5
auth_3mth_post_er,0,5
auth_3mth_dc_no_ref,0,5
bh_ip_snf_mbr_resp_pmpm_cost_3to6m_b4,0,5
auth_3mth_acute,3,5
rx_branded_pmpm_ct_t_6-3-0m_b4,2,5
atlas_farm_to_school13,0,5
auth_3mth_acute_cer,0,5
med_ambulance_coins_pmpm_cost_t_9-6-3m_b4,0,5
auth_3mth_acute_gus,0,5
rx_gpi4_6110_pmpm_ct,1,5
cons_hxwearbl,0,5
auth_3mth_ltac,0,5
auth_3mth_acute_ckd,0,5
bh_ip_snf_net_paid_pmpm_cost_6to9m_b4,0,5
sex_cd,8,5
days_since_last_clm_0to3m_b4,452,5
atlas_perpov_1980_0711,0,5
auth_3mth_post_acute_mus,0,5
auth_3mth_non_er,0,5
bh_ncal_ind,0,5
auth_3mth_facility,0,5
atlas_foodinsec_13_15,136,5
auth_3mth_dc_left_ama,0,5
race_cd,42,5
bh_ip_snf_admit_days_pmpm_t_9-6-3m_b4,0,5
auth_3mth_dc_other,0,5
cons_stlnindx,10,5
auth_3mth_acute_skn,0,5
total_allowed_pmpm_cost_t_9-6-3m_b4,6,5
auth_3mth_rehab,0,5
bh_urgent_care_copay_pmpm_cost_t_12-9-6m_b4,0,5
auth_3mth_dc_custodial,0,5
auth_3mth_snf_direct,0,5
auth_3mth_acute_ccs_042,0,5
bh_ip_snf_net_paid_pmpm_cost_9to12m_b4,1,5
bh_ip_snf_net_paid_pmpm_cost_3to6m_b4,0,5
rx_maint_pmpm_cost_t_12-9-6m_b4,10,5
auth_3mth_post_acute_rsk,0,5
rev_cms_ansth_pmpm_ct,1,5
cons_cwht,451,5
atlas_pct_diabetes_adults13,2,6
atlas_pct_wic15,10,6
total_physician_office_net_paid_pmpm_cost_9to12m_b4,1,6
atlas_pct_laccess_hisp15,0,6
atlas_pct_fmrkt_frveg16,1,6
credit_hh_nonmtgcredit_60dpd,18,6
atlas_dirsales_farms12,2,6
rx_nonmaint_pmpm_ct,2,6
zip_cd,2,6
atlas_pct_laccess_white15,0,6
credit_hh_bankcard_severederog,22,6
atlas_pct_fmrkt_credit16,2,6
credit_bal_autofinance_new,0,6
rej_days_since_last_clm,3,6
rx_generic_pmpm_ct_0to3m_b4,23,6
rwjf_social_associate_rate,1,6
med_physician_office_ds_clm_6to9m_b4,0,6
atlas_totalocchu,24,6
atlas_veg_acrespth12,0,6
atlas_pct_loclsale12,5,6
atlas_pct_fmrkt_anmlprod16,4,6
atlas_freshveg_farms12,0,6
rwjf_resident_seg_black_inx,0,6
atlas_pct_loclfarm12,1,6
total_outpatient_mbr_resp_pmpm_cost_6to9m_b4,0,6
atlas_berry_acrespth12,0,6
rx_maint_pmpm_ct_9to12m_b4,11,6
rx_tier_2_pmpm_ct,15,6
atlas_agritrsm_rct12,1,6
atlas_pct_laccess_snap15,0,6
atlas_deep_pov_all,0,6
ccsp_227_pct,11,6
bh_outpatient_net_paid_pmpm_cost,0,6
atlas_veg_farms12,0,6
rx_hum_16_pmpm_ct,10,6
cms_risk_adjustment_factor_a_amt,46,6
atlas_recfac14,12,6
total_physician_office_copay_pmpm_cost,0,6
atlas_pc_fsrsales12,2,6
atlas_pct_fmrkt_baked16,0,6
atlas_net_international_migration_rate,3,6
rx_maint_mbr_resp_pmpm_cost_6to9m_b4,2,6
rx_generic_pmpm_cost_6to9m_b4,4,6
rx_gpi2_49_pmpm_cost_0to3m_b4,2,6
atlas_pct_sbp15,10,6
atlas_pct_laccess_child15,1,6
met_obe_diag_pct,6,6
atlas_orchard_acrespth12,0,6
atlas_pct_laccess_hhnv15,3,6
cnt_cp_webstatement_pmpm_ct,23,6
atlas_pct_laccess_lowi15,3,6
rx_gpi2_02_pmpm_cost,0,6
cms_partd_ra_factor_amt,13,6
atlas_pct_free_lunch14,1,6
rx_tier_2_pmpm_ct_3to6m_b4,13,6
cons_chva,4,6
atlas_pct_fmrkt_wiccash16,0,6
rx_overall_net_paid_pmpm_cost_6to9m_b4,0,6
total_med_allowed_pmpm_cost_9to12m_b4,0,6
bh_physician_office_copay_pmpm_cost_6to9m_b4,0,6
atlas_pct_snap16,6,6
atlas_ghveg_sqftpth12,0,6
atlas_pc_dirsales12,6,6
atlas_pct_reduced_lunch14,5,6
ccsp_236_pct,1,6
atlas_deep_pov_children,1,6
atlas_pct_sfsp15,1,6
rwjf_air_pollute_density,1,6
rx_generic_pmpm_cost,13,6
cms_tot_partd_payment_amt,43,6
cons_nwperadult,24,6
rx_days_since_last_script,0,6
atlas_pct_laccess_nhasian15,3,6
rx_nonbh_mbr_resp_pmpm_cost_6to9m_b4,6,6
rx_days_since_last_script_6to9m_b4,0,6
atlas_pct_obese_adults13,0,6
credit_bal_consumerfinance,13,6
atlas_pct_fmrkt_wic16,0,6
atlas_orchard_farms12,3,6
atlas_berry_farms12,0,6
atlas_pct_laccess_multir15,2,6
rx_bh_mbr_resp_pmpm_cost_9to12m_b4,2,6
atlas_pc_wic_redemp12,2,6
rwjf_mv_deaths_rate,3,6
atlas_povertyunder18pct,0,6
rx_gpi2_72_pmpm_cost_6to9m_b4,0,6
atlas_pct_fmrkt_snap16,0,6
atlas_medhhinc,0,6
rx_nonbh_net_paid_pmpm_cost,2,6
credit_bal_bankcard_severederog,1,6
bh_ip_snf_net_paid_pmpm_cost,0,6
atlas_pc_snapben15,0,6
rx_nonbh_pmpm_ct_0to3m_b4,3,6
rx_overall_mbr_resp_pmpm_cost_0to3m_b4,13,6
auth_3mth_post_acute_mean_los,0,6
rx_branded_mbr_resp_pmpm_cost,0,6
rx_tier_1_pmpm_ct_0to3m_b4,12,6
bh_ncdm_pct,0,6
atlas_naturalchangerate1016,0,6
rx_mail_mbr_resp_pmpm_cost_0to3m_b4,3,6
credit_bal_autobank,2,6
rx_nonotc_dist_gpi6_pmpm_ct,4,6
cons_cgqs,18,6
rx_overall_gpi_pmpm_ct_0to3m_b4,20,6
credit_hh_bankcardcredit_60dpd,26,6
rx_gpi2_01_pmpm_cost_0to3m_b4,0,6
cci_dia_m_pmpm_ct,6,6
atlas_pct_nslp15,2,6
mcc_end_pct,3,6
atlas_pct_laccess_black15,1,6
credit_bal_mtgcredit_new,11,6
credit_hh_1stmtgcredit,4,6
cons_chmi,2,6
rwjf_income_inequ_ratio,1,6
atlas_pct_laccess_pop15,1,6
atlas_pc_ffrsales12,9,6
atlas_hh65plusalonepct,0,6
atlas_pct_fmrkt_sfmnp16,5,6
auth_3mth_acute_mean_los,1,6
rx_hum_28_pmpm_cost,0,6
atlas_pct_laccess_nhna15,2,6
atlas_povertyallagespct,0,6
rx_nonbh_mbr_resp_pmpm_cost,19,6
rx_nonmaint_mbr_resp_pmpm_cost_9to12m_b4,5,6
atlas_pct_fmrkt_otherfood16,4,6
lab_dist_loinc_pmpm_ct,10,6
rx_generic_mbr_resp_pmpm_cost,13,6
atlas_pct_laccess_seniors15,0,6
atlas_pct_cacfp15,7,6
total_outpatient_allowed_pmpm_cost_6to9m_b4,0,6
rx_nonmaint_mbr_resp_pmpm_cost,6,6
credit_bal_nonmtgcredit_60dpd,6,6
atlas_ownhomepct,2,6
rx_overall_mbr_resp_pmpm_cost,8,6
atlas_redemp_snaps16,1,6
atlas_netmigrationrate1016,3,6
atlas_percapitainc,0,6
phy_em_px_pct,7,6
rx_generic_mbr_resp_pmpm_cost_0to3m_b4,6,6
bh_ncdm_ind,0,6
auth_3mth_post_acute_inf,0,6
rx_maint_net_paid_pmpm_cost_t_9-6-3m_b4,9,6
ccsp_065_pmpm_ct,0,6
auth_3mth_acute_vco,0,6
rx_gpi2_72_pmpm_ct_6to9m_b4,3,6
auth_3mth_post_acute_men,0,6
rej_total_physician_office_visit_ct_pmpm_0to3m_b4,0,6
total_physician_office_net_paid_pmpm_cost_t_9-6-3m_b4,3,6
bh_ip_snf_net_paid_pmpm_cost_0to3m_b4,0,6
mcc_ano_pmpm_ct_t_9-6-3m_b4,0,6
atlas_type_2015_update,1,6
atlas_retirement_destination_2015_upda,2,6
auth_3mth_post_acute_sns,0,6
atlas_hiamenity,0,6
cons_ltmedicr,15,6
auth_3mth_acute_ccs_086,0,6
total_physician_office_mbr_resp_pmpm_cost_t_9-6-3m_b4,3,6
auth_3mth_acute_cir,0,6
atlas_csa12,44,6
total_med_net_paid_pmpm_cost_t_6-3-0m_b4,5,6
cons_n2pwh,637,6
auth_3mth_snf_post_hsp,0,6
auth_3mth_post_acute_inj,0,6
med_outpatient_mbr_resp_pmpm_cost_t_9-6-3m_b4,7,6
rx_gpi2_56_dist_gpi6_pmpm_ct_3to6m_b4,4,6
atlas_low_employment_2015_update,0,6
auth_3mth_acute_inf,0,6
lab_albumin_loinc_pmpm_ct,15,6
rx_gpi2_17_pmpm_cost_t_12-9-6m_b4,46,6
cons_rxadhs,7,6
cons_mobplus,1,6
atlas_foodinsec_child_03_11,189,6
lang_spoken_cd,2,6
bh_ip_snf_mbr_resp_pmpm_cost_9to12m_b4,1,6
auth_3mth_post_acute_gus,0,6
auth_3mth_acute_cad,0,6
rx_maint_pmpm_ct_t_6-3-0m_b4,7,6
auth_3mth_acute_ccs_044,0,6
cons_hxmioc,13,6
med_outpatient_visit_ct_pmpm_t_12-9-6m_b4,2,6
med_physician_office_allowed_pmpm_cost_t_9-6-3m_b4,1,6
auth_3mth_acute_res,0,6
auth_3mth_acute_chf,0,6
auth_3mth_acute_ccs_030,0,6
auth_3mth_dc_hospice,0,6
auth_3mth_acute_neo,0,6
atlas_type_2015_recreation_no,1,6
hum_region,22,6
atlas_ghveg_farms12,50,6
rx_maint_net_paid_pmpm_cost_t_12-9-6m_b4,16,6
auth_3mth_acute_ccs_048,0,6
rx_overall_gpi_pmpm_ct_t_6-3-0m_b4,9,6
rx_overall_gpi_pmpm_ct_t_12-9-6m_b4,9,6
rx_nonbh_pmpm_ct_t_9-6-3m_b4,2,6
mcc_chf_pmpm_ct_t_9-6-3m_b4,13,6
auth_3mth_post_acute_chf,0,6
auth_3mth_psychic,0,6
rx_nonotc_pmpm_cost_t_6-3-0m_b4,16,6
auth_3mth_acute_end,0,6
atlas_low_education_2015_update,0,6
src_div_id,46,6
auth_3mth_bh_acute,0,6
auth_3mth_acute_ccs_067,0,6
atlas_type_2015_mining_no,1,6
cons_n2pmr,430,6
rx_mail_net_paid_pmpm_cost_t_6-3-0m_b4,22,6
rej_med_er_net_paid_pmpm_cost_t_9-6-3m_b4,0,6
med_outpatient_deduct_pmpm_cost_t_9-6-3m_b4,0,6
rej_med_ip_snf_coins_pmpm_cost_t_9-6-3m_b4,0,6
rx_generic_dist_gpi6_pmpm_ct_t_9-6-3m_b4,7,6
auth_3mth_dc_home,2,6
auth_3mth_acute_bld,0,6
auth_3mth_acute_ner,0,6
oontwk_mbr_resp_pmpm_cost_t_6-3-0m_b4,2,6
rx_gpi2_90_dist_gpi6_pmpm_ct_9to12m_b4,1,6
atlas_foodhub16,1,6
rx_maint_pmpm_cost_t_6-3-0m_b4,9,6
auth_3mth_post_acute_ben,0,6
est_age,345,6
auth_3mth_post_acute_cer,0,6
auth_3mth_acute_ccs_153,0,6
auth_3mth_acute_dig,0,6
total_ip_maternity_net_paid_pmpm_cost_t_12-9-6m_b4,0,6
auth_3mth_post_acute_cad,0,6
rx_bh_pmpm_ct_0to3m_b4,41,6
rx_nonmail_dist_gpi6_pmpm_ct_t_9-6-3m_b4,4,6
atlas_persistentchildpoverty_1980_2011,0,6
atlas_slhouse12,0,6
atlas_population_loss_2015_update,0,6
auth_3mth_acute_ccs_094,0,6
auth_3mth_post_acute_ner,0,6
auth_3mth_acute_ccs_227,0,6
rx_overall_dist_gpi6_pmpm_ct_t_6-3-0m_b4,11,6
auth_3mth_acute_trm,0,6
auth_3mth_post_acute,0,6
auth_3mth_acute_dia,0,6
auth_3mth_acute_ccs_043,0,6
rx_overall_mbr_resp_pmpm_cost_t_6-3-0m_b4,37,6
cms_orig_reas_entitle_cd,15,6
auth_3mth_post_acute_end,0,6
auth_3mth_acute_can,0,6
auth_3mth_acute_ccs_172,0,6
auth_3mth_dc_home_health,0,6
atlas_hipov_1115,9,6
rx_phar_cat_cvs_pmpm_ct_t_9-6-3m_b4,18,6
rx_gpi2_62_pmpm_cost_t_9-6-3m_b4,0,6
cons_n2phi,383,6
auth_3mth_post_acute_hdz,0,6
auth_3mth_bh_acute_mean_los,0,6
auth_3mth_post_acute_dig,0,6
auth_3mth_transplant,0,6
rx_mail_mbr_resp_pmpm_cost_t_9-6-3m_b4,7,6
auth_3mth_acute_sns,0,6
auth_3mth_post_acute_vco,0,6
auth_3mth_home,2,6
rx_nonbh_net_paid_pmpm_cost_t_6-3-0m_b4,4,6
auth_3mth_post_acute_ckd,0,6
rx_gpi2_34_dist_gpi6_pmpm_ct,4,6
rx_gpi2_33_pmpm_ct_0to3m_b4,0,6
auth_3mth_dc_ltac,0,6
cons_estinv30_rc,23,6
rx_phar_cat_humana_pmpm_ct_t_9-6-3m_b4,4,6
auth_3mth_acute_men,0,6
auth_3mth_dc_snf,1,6
cons_hhcomp,19,6
bh_ip_snf_mbr_resp_pmpm_cost_6to9m_b4,0,6
auth_3mth_acute_inj,0,6
total_physician_office_visit_ct_pmpm_t_6-3-0m_b4,2,6
mabh_seg,35,6
auth_3mth_post_acute_res,0,6
auth_3mth_bh_acute_men,0,6
auth_3mth_acute_hdz,0,6
hedis_dia_hba1c_ge9,0,6
auth_3mth_post_acute_trm,0,6
auth_3mth_hospice,0,6
rx_gpi2_39_pmpm_cost_t_6-3-0m_b4,20,6
atlas_vlfoodsec_13_15,65,6
auth_3mth_dc_acute_rehab,0,6
rx_generic_pmpm_cost_t_6-3-0m_b4,8,6
auth_3mth_acute_ccs_154,0,6
cons_rxmaint,4,6
total_bh_copay_pmpm_cost_t_9-6-3m_b4,1,6
rx_nonmaint_dist_gpi6_pmpm_ct_t_12-9-6m_b4,3,6
rej_med_outpatient_visit_ct_pmpm_t_6-3-0m_b4,2,6
cons_rxadhm,25,6
auth_3mth_acute_mus,0,6
rx_nonbh_pmpm_cost_t_9-6-3m_b4,3,6
rx_days_since_last_script_0to3m_b4,555,6
auth_3mth_post_acute_cir,0,6
auth_3mth_post_acute_dia,0,6
auth_3mth_post_er,0,6
auth_3mth_dc_no_ref,0,6
bh_ip_snf_mbr_resp_pmpm_cost_3to6m_b4,1,6
auth_3mth_acute,3,6
rx_branded_pmpm_ct_t_6-3-0m_b4,3,6
atlas_farm_to_school13,0,6
auth_3mth_acute_cer,0,6
med_ambulance_coins_pmpm_cost_t_9-6-3m_b4,0,6
auth_3mth_acute_gus,0,6
rx_gpi4_6110_pmpm_ct,1,6
cons_hxwearbl,1,6
auth_3mth_ltac,0,6
auth_3mth_acute_ckd,0,6
bh_ip_snf_net_paid_pmpm_cost_6to9m_b4,0,6
sex_cd,10,6
days_since_last_clm_0to3m_b4,533,6
atlas_perpov_1980_0711,0,6
auth_3mth_post_acute_mus,0,6
auth_3mth_non_er,0,6
bh_ncal_ind,0,6
auth_3mth_facility,1,6
atlas_foodinsec_13_15,211,6
auth_3mth_dc_left_ama,0,6
race_cd,40,6
bh_ip_snf_admit_days_pmpm_t_9-6-3m_b4,0,6
auth_3mth_dc_other,0,6
cons_stlnindx,13,6
auth_3mth_acute_skn,0,6
total_allowed_pmpm_cost_t_9-6-3m_b4,15,6
auth_3mth_rehab,0,6
bh_urgent_care_copay_pmpm_cost_t_12-9-6m_b4,0,6
auth_3mth_dc_custodial,0,6
auth_3mth_snf_direct,0,6
auth_3mth_acute_ccs_042,0,6
bh_ip_snf_net_paid_pmpm_cost_9to12m_b4,0,6
bh_ip_snf_net_paid_pmpm_cost_3to6m_b4,0,6
rx_maint_pmpm_cost_t_12-9-6m_b4,7,6
auth_3mth_post_acute_rsk,0,6
rev_cms_ansth_pmpm_ct,1,6
cons_cwht,459,6
atlas_pct_diabetes_adults13,4,7
atlas_pct_wic15,4,7
total_physician_office_net_paid_pmpm_cost_9to12m_b4,0,7
atlas_pct_laccess_hisp15,0,7
atlas_pct_fmrkt_frveg16,1,7
credit_hh_nonmtgcredit_60dpd,18,7
atlas_dirsales_farms12,0,7
rx_nonmaint_pmpm_ct,2,7
zip_cd,5,7
atlas_pct_laccess_white15,3,7
credit_hh_bankcard_severederog,29,7
atlas_pct_fmrkt_credit16,1,7
credit_bal_autofinance_new,1,7
rej_days_since_last_clm,1,7
rx_generic_pmpm_ct_0to3m_b4,31,7
rwjf_social_associate_rate,2,7
med_physician_office_ds_clm_6to9m_b4,0,7
atlas_totalocchu,16,7
atlas_veg_acrespth12,0,7
atlas_pct_loclsale12,4,7
atlas_pct_fmrkt_anmlprod16,4,7
atlas_freshveg_farms12,0,7
rwjf_resident_seg_black_inx,1,7
atlas_pct_loclfarm12,0,7
total_outpatient_mbr_resp_pmpm_cost_6to9m_b4,0,7
atlas_berry_acrespth12,0,7
rx_maint_pmpm_ct_9to12m_b4,10,7
rx_tier_2_pmpm_ct,12,7
atlas_agritrsm_rct12,2,7
atlas_pct_laccess_snap15,2,7
atlas_deep_pov_all,0,7
ccsp_227_pct,8,7
bh_outpatient_net_paid_pmpm_cost,0,7
atlas_veg_farms12,2,7
rx_hum_16_pmpm_ct,10,7
cms_risk_adjustment_factor_a_amt,44,7
atlas_recfac14,10,7
total_physician_office_copay_pmpm_cost,1,7
atlas_pc_fsrsales12,4,7
atlas_pct_fmrkt_baked16,1,7
atlas_net_international_migration_rate,1,7
rx_maint_mbr_resp_pmpm_cost_6to9m_b4,1,7
rx_generic_pmpm_cost_6to9m_b4,9,7
rx_gpi2_49_pmpm_cost_0to3m_b4,4,7
atlas_pct_sbp15,3,7
atlas_pct_laccess_child15,0,7
met_obe_diag_pct,4,7
atlas_orchard_acrespth12,0,7
atlas_pct_laccess_hhnv15,4,7
cnt_cp_webstatement_pmpm_ct,23,7
atlas_pct_laccess_lowi15,1,7
rx_gpi2_02_pmpm_cost,0,7
cms_partd_ra_factor_amt,12,7
atlas_pct_free_lunch14,1,7
rx_tier_2_pmpm_ct_3to6m_b4,11,7
cons_chva,5,7
atlas_pct_fmrkt_wiccash16,0,7
rx_overall_net_paid_pmpm_cost_6to9m_b4,1,7
total_med_allowed_pmpm_cost_9to12m_b4,1,7
bh_physician_office_copay_pmpm_cost_6to9m_b4,0,7
atlas_pct_snap16,6,7
atlas_ghveg_sqftpth12,0,7
atlas_pc_dirsales12,9,7
atlas_pct_reduced_lunch14,4,7
ccsp_236_pct,1,7
atlas_deep_pov_children,1,7
atlas_pct_sfsp15,0,7
rwjf_air_pollute_density,1,7
rx_generic_pmpm_cost,13,7
cms_tot_partd_payment_amt,44,7
cons_nwperadult,18,7
rx_days_since_last_script,0,7
atlas_pct_laccess_nhasian15,7,7
rx_nonbh_mbr_resp_pmpm_cost_6to9m_b4,10,7
rx_days_since_last_script_6to9m_b4,1,7
atlas_pct_obese_adults13,0,7
credit_bal_consumerfinance,15,7
atlas_pct_fmrkt_wic16,0,7
atlas_orchard_farms12,3,7
atlas_berry_farms12,0,7
atlas_pct_laccess_multir15,2,7
rx_bh_mbr_resp_pmpm_cost_9to12m_b4,1,7
atlas_pc_wic_redemp12,1,7
rwjf_mv_deaths_rate,4,7
atlas_povertyunder18pct,0,7
rx_gpi2_72_pmpm_cost_6to9m_b4,1,7
atlas_pct_fmrkt_snap16,0,7
atlas_medhhinc,1,7
rx_nonbh_net_paid_pmpm_cost,1,7
credit_bal_bankcard_severederog,1,7
bh_ip_snf_net_paid_pmpm_cost,0,7
atlas_pc_snapben15,0,7
rx_nonbh_pmpm_ct_0to3m_b4,3,7
rx_overall_mbr_resp_pmpm_cost_0to3m_b4,14,7
auth_3mth_post_acute_mean_los,0,7
rx_branded_mbr_resp_pmpm_cost,0,7
rx_tier_1_pmpm_ct_0to3m_b4,11,7
bh_ncdm_pct,0,7
atlas_naturalchangerate1016,1,7
rx_mail_mbr_resp_pmpm_cost_0to3m_b4,1,7
credit_bal_autobank,2,7
rx_nonotc_dist_gpi6_pmpm_ct,6,7
cons_cgqs,17,7
rx_overall_gpi_pmpm_ct_0to3m_b4,16,7
credit_hh_bankcardcredit_60dpd,27,7
rx_gpi2_01_pmpm_cost_0to3m_b4,0,7
cci_dia_m_pmpm_ct,7,7
atlas_pct_nslp15,3,7
mcc_end_pct,0,7
atlas_pct_laccess_black15,0,7
credit_bal_mtgcredit_new,8,7
credit_hh_1stmtgcredit,2,7
cons_chmi,2,7
rwjf_income_inequ_ratio,0,7
atlas_pct_laccess_pop15,0,7
atlas_pc_ffrsales12,11,7
atlas_hh65plusalonepct,0,7
atlas_pct_fmrkt_sfmnp16,2,7
auth_3mth_acute_mean_los,0,7
rx_hum_28_pmpm_cost,0,7
atlas_pct_laccess_nhna15,2,7
atlas_povertyallagespct,1,7
rx_nonbh_mbr_resp_pmpm_cost,19,7
rx_nonmaint_mbr_resp_pmpm_cost_9to12m_b4,6,7
atlas_pct_fmrkt_otherfood16,3,7
lab_dist_loinc_pmpm_ct,8,7
rx_generic_mbr_resp_pmpm_cost,10,7
atlas_pct_laccess_seniors15,0,7
atlas_pct_cacfp15,2,7
total_outpatient_allowed_pmpm_cost_6to9m_b4,0,7
rx_nonmaint_mbr_resp_pmpm_cost,9,7
credit_bal_nonmtgcredit_60dpd,5,7
atlas_ownhomepct,0,7
rx_overall_mbr_resp_pmpm_cost,6,7
atlas_redemp_snaps16,2,7
atlas_netmigrationrate1016,3,7
atlas_percapitainc,0,7
phy_em_px_pct,7,7
rx_generic_mbr_resp_pmpm_cost_0to3m_b4,5,7
bh_ncdm_ind,0,7
auth_3mth_post_acute_inf,0,7
rx_maint_net_paid_pmpm_cost_t_9-6-3m_b4,4,7
ccsp_065_pmpm_ct,0,7
auth_3mth_acute_vco,0,7
rx_gpi2_72_pmpm_ct_6to9m_b4,2,7
auth_3mth_post_acute_men,0,7
rej_total_physician_office_visit_ct_pmpm_0to3m_b4,0,7
total_physician_office_net_paid_pmpm_cost_t_9-6-3m_b4,1,7
bh_ip_snf_net_paid_pmpm_cost_0to3m_b4,0,7
mcc_ano_pmpm_ct_t_9-6-3m_b4,0,7
atlas_type_2015_update,1,7
atlas_retirement_destination_2015_upda,4,7
auth_3mth_post_acute_sns,0,7
atlas_hiamenity,2,7
cons_ltmedicr,11,7
auth_3mth_acute_ccs_086,0,7
total_physician_office_mbr_resp_pmpm_cost_t_9-6-3m_b4,2,7
auth_3mth_acute_cir,0,7
atlas_csa12,30,7
total_med_net_paid_pmpm_cost_t_6-3-0m_b4,1,7
cons_n2pwh,676,7
auth_3mth_snf_post_hsp,0,7
auth_3mth_post_acute_inj,0,7
med_outpatient_mbr_resp_pmpm_cost_t_9-6-3m_b4,3,7
rx_gpi2_56_dist_gpi6_pmpm_ct_3to6m_b4,2,7
atlas_low_employment_2015_update,0,7
auth_3mth_acute_inf,0,7
lab_albumin_loinc_pmpm_ct,17,7
rx_gpi2_17_pmpm_cost_t_12-9-6m_b4,45,7
cons_rxadhs,4,7
cons_mobplus,0,7
atlas_foodinsec_child_03_11,150,7
lang_spoken_cd,5,7
bh_ip_snf_mbr_resp_pmpm_cost_9to12m_b4,0,7
auth_3mth_post_acute_gus,0,7
auth_3mth_acute_cad,0,7
rx_maint_pmpm_ct_t_6-3-0m_b4,3,7
auth_3mth_acute_ccs_044,0,7
cons_hxmioc,7,7
med_outpatient_visit_ct_pmpm_t_12-9-6m_b4,0,7
med_physician_office_allowed_pmpm_cost_t_9-6-3m_b4,0,7
auth_3mth_acute_res,0,7
auth_3mth_acute_chf,0,7
auth_3mth_acute_ccs_030,0,7
auth_3mth_dc_hospice,0,7
auth_3mth_acute_neo,0,7
atlas_type_2015_recreation_no,0,7
hum_region,17,7
atlas_ghveg_farms12,51,7
rx_maint_net_paid_pmpm_cost_t_12-9-6m_b4,13,7
auth_3mth_acute_ccs_048,0,7
rx_overall_gpi_pmpm_ct_t_6-3-0m_b4,2,7
rx_overall_gpi_pmpm_ct_t_12-9-6m_b4,6,7
rx_nonbh_pmpm_ct_t_9-6-3m_b4,4,7
mcc_chf_pmpm_ct_t_9-6-3m_b4,11,7
auth_3mth_post_acute_chf,0,7
auth_3mth_psychic,0,7
rx_nonotc_pmpm_cost_t_6-3-0m_b4,10,7
auth_3mth_acute_end,0,7
atlas_low_education_2015_update,0,7
src_div_id,32,7
auth_3mth_bh_acute,0,7
auth_3mth_acute_ccs_067,0,7
atlas_type_2015_mining_no,0,7
cons_n2pmr,411,7
rx_mail_net_paid_pmpm_cost_t_6-3-0m_b4,22,7
rej_med_er_net_paid_pmpm_cost_t_9-6-3m_b4,0,7
med_outpatient_deduct_pmpm_cost_t_9-6-3m_b4,0,7
rej_med_ip_snf_coins_pmpm_cost_t_9-6-3m_b4,0,7
rx_generic_dist_gpi6_pmpm_ct_t_9-6-3m_b4,4,7
auth_3mth_dc_home,4,7
auth_3mth_acute_bld,0,7
auth_3mth_acute_ner,0,7
oontwk_mbr_resp_pmpm_cost_t_6-3-0m_b4,1,7
rx_gpi2_90_dist_gpi6_pmpm_ct_9to12m_b4,1,7
atlas_foodhub16,1,7
rx_maint_pmpm_cost_t_6-3-0m_b4,7,7
auth_3mth_post_acute_ben,0,7
est_age,356,7
auth_3mth_post_acute_cer,0,7
auth_3mth_acute_ccs_153,0,7
auth_3mth_acute_dig,0,7
total_ip_maternity_net_paid_pmpm_cost_t_12-9-6m_b4,0,7
auth_3mth_post_acute_cad,0,7
rx_bh_pmpm_ct_0to3m_b4,25,7
rx_nonmail_dist_gpi6_pmpm_ct_t_9-6-3m_b4,0,7
atlas_persistentchildpoverty_1980_2011,0,7
atlas_slhouse12,3,7
atlas_population_loss_2015_update,0,7
auth_3mth_acute_ccs_094,0,7
auth_3mth_post_acute_ner,0,7
auth_3mth_acute_ccs_227,0,7
rx_overall_dist_gpi6_pmpm_ct_t_6-3-0m_b4,12,7
auth_3mth_acute_trm,0,7
auth_3mth_post_acute,0,7
auth_3mth_acute_dia,0,7
auth_3mth_acute_ccs_043,0,7
rx_overall_mbr_resp_pmpm_cost_t_6-3-0m_b4,29,7
cms_orig_reas_entitle_cd,9,7
auth_3mth_post_acute_end,0,7
auth_3mth_acute_can,0,7
auth_3mth_acute_ccs_172,0,7
auth_3mth_dc_home_health,0,7
atlas_hipov_1115,7,7
rx_phar_cat_cvs_pmpm_ct_t_9-6-3m_b4,16,7
rx_gpi2_62_pmpm_cost_t_9-6-3m_b4,0,7
cons_n2phi,295,7
auth_3mth_post_acute_hdz,0,7
auth_3mth_bh_acute_mean_los,0,7
auth_3mth_post_acute_dig,0,7
auth_3mth_transplant,0,7
rx_mail_mbr_resp_pmpm_cost_t_9-6-3m_b4,8,7
auth_3mth_acute_sns,0,7
auth_3mth_post_acute_vco,0,7
auth_3mth_home,2,7
rx_nonbh_net_paid_pmpm_cost_t_6-3-0m_b4,1,7
auth_3mth_post_acute_ckd,0,7
rx_gpi2_34_dist_gpi6_pmpm_ct,1,7
rx_gpi2_33_pmpm_ct_0to3m_b4,0,7
auth_3mth_dc_ltac,0,7
cons_estinv30_rc,26,7
rx_phar_cat_humana_pmpm_ct_t_9-6-3m_b4,6,7
auth_3mth_acute_men,0,7
auth_3mth_dc_snf,1,7
cons_hhcomp,22,7
bh_ip_snf_mbr_resp_pmpm_cost_6to9m_b4,0,7
auth_3mth_acute_inj,0,7
total_physician_office_visit_ct_pmpm_t_6-3-0m_b4,2,7
mabh_seg,26,7
auth_3mth_post_acute_res,0,7
auth_3mth_bh_acute_men,0,7
auth_3mth_acute_hdz,0,7
hedis_dia_hba1c_ge9,0,7
auth_3mth_post_acute_trm,0,7
auth_3mth_hospice,0,7
rx_gpi2_39_pmpm_cost_t_6-3-0m_b4,24,7
atlas_vlfoodsec_13_15,64,7
auth_3mth_dc_acute_rehab,0,7
rx_generic_pmpm_cost_t_6-3-0m_b4,11,7
auth_3mth_acute_ccs_154,0,7
cons_rxmaint,5,7
total_bh_copay_pmpm_cost_t_9-6-3m_b4,1,7
rx_nonmaint_dist_gpi6_pmpm_ct_t_12-9-6m_b4,1,7
rej_med_outpatient_visit_ct_pmpm_t_6-3-0m_b4,4,7
cons_rxadhm,16,7
auth_3mth_acute_mus,0,7
rx_nonbh_pmpm_cost_t_9-6-3m_b4,2,7
rx_days_since_last_script_0to3m_b4,331,7
auth_3mth_post_acute_cir,0,7
auth_3mth_post_acute_dia,0,7
auth_3mth_post_er,0,7
auth_3mth_dc_no_ref,0,7
bh_ip_snf_mbr_resp_pmpm_cost_3to6m_b4,0,7
auth_3mth_acute,0,7
rx_branded_pmpm_ct_t_6-3-0m_b4,1,7
atlas_farm_to_school13,1,7
auth_3mth_acute_cer,0,7
med_ambulance_coins_pmpm_cost_t_9-6-3m_b4,0,7
auth_3mth_acute_gus,0,7
rx_gpi4_6110_pmpm_ct,0,7
cons_hxwearbl,2,7
auth_3mth_ltac,0,7
auth_3mth_acute_ckd,0,7
bh_ip_snf_net_paid_pmpm_cost_6to9m_b4,0,7
sex_cd,9,7
days_since_last_clm_0to3m_b4,475,7
atlas_perpov_1980_0711,0,7
auth_3mth_post_acute_mus,0,7
auth_3mth_non_er,0,7
bh_ncal_ind,0,7
auth_3mth_facility,0,7
atlas_foodinsec_13_15,140,7
auth_3mth_dc_left_ama,0,7
race_cd,44,7
bh_ip_snf_admit_days_pmpm_t_9-6-3m_b4,0,7
auth_3mth_dc_other,0,7
cons_stlnindx,14,7
auth_3mth_acute_skn,0,7
total_allowed_pmpm_cost_t_9-6-3m_b4,12,7
auth_3mth_rehab,0,7
bh_urgent_care_copay_pmpm_cost_t_12-9-6m_b4,1,7
auth_3mth_dc_custodial,0,7
auth_3mth_snf_direct,0,7
auth_3mth_acute_ccs_042,0,7
bh_ip_snf_net_paid_pmpm_cost_9to12m_b4,1,7
bh_ip_snf_net_paid_pmpm_cost_3to6m_b4,0,7
rx_maint_pmpm_cost_t_12-9-6m_b4,9,7
auth_3mth_post_acute_rsk,0,7
rev_cms_ansth_pmpm_ct,1,7
cons_cwht,441,7
atlas_pct_diabetes_adults13,4,8
atlas_pct_wic15,5,8
total_physician_office_net_paid_pmpm_cost_9to12m_b4,1,8
atlas_pct_laccess_hisp15,1,8
atlas_pct_fmrkt_frveg16,3,8
credit_hh_nonmtgcredit_60dpd,20,8
atlas_dirsales_farms12,1,8
rx_nonmaint_pmpm_ct,2,8
zip_cd,6,8
atlas_pct_laccess_white15,3,8
credit_hh_bankcard_severederog,20,8
atlas_pct_fmrkt_credit16,2,8
credit_bal_autofinance_new,2,8
rej_days_since_last_clm,0,8
rx_generic_pmpm_ct_0to3m_b4,19,8
rwjf_social_associate_rate,3,8
med_physician_office_ds_clm_6to9m_b4,1,8
atlas_totalocchu,22,8
atlas_veg_acrespth12,1,8
atlas_pct_loclsale12,7,8
atlas_pct_fmrkt_anmlprod16,2,8
atlas_freshveg_farms12,1,8
rwjf_resident_seg_black_inx,2,8
atlas_pct_loclfarm12,1,8
total_outpatient_mbr_resp_pmpm_cost_6to9m_b4,0,8
atlas_berry_acrespth12,1,8
rx_maint_pmpm_ct_9to12m_b4,14,8
rx_tier_2_pmpm_ct,14,8
atlas_agritrsm_rct12,1,8
atlas_pct_laccess_snap15,0,8
atlas_deep_pov_all,0,8
ccsp_227_pct,18,8
bh_outpatient_net_paid_pmpm_cost,0,8
atlas_veg_farms12,1,8
rx_hum_16_pmpm_ct,8,8
cms_risk_adjustment_factor_a_amt,31,8
atlas_recfac14,9,8
total_physician_office_copay_pmpm_cost,0,8
atlas_pc_fsrsales12,2,8
atlas_pct_fmrkt_baked16,1,8
atlas_net_international_migration_rate,2,8
rx_maint_mbr_resp_pmpm_cost_6to9m_b4,2,8
rx_generic_pmpm_cost_6to9m_b4,9,8
rx_gpi2_49_pmpm_cost_0to3m_b4,3,8
atlas_pct_sbp15,11,8
atlas_pct_laccess_child15,0,8
met_obe_diag_pct,7,8
atlas_orchard_acrespth12,2,8
atlas_pct_laccess_hhnv15,1,8
cnt_cp_webstatement_pmpm_ct,20,8
atlas_pct_laccess_lowi15,2,8
rx_gpi2_02_pmpm_cost,0,8
cms_partd_ra_factor_amt,14,8
atlas_pct_free_lunch14,2,8
rx_tier_2_pmpm_ct_3to6m_b4,12,8
cons_chva,2,8
atlas_pct_fmrkt_wiccash16,1,8
rx_overall_net_paid_pmpm_cost_6to9m_b4,0,8
total_med_allowed_pmpm_cost_9to12m_b4,5,8
bh_physician_office_copay_pmpm_cost_6to9m_b4,1,8
atlas_pct_snap16,1,8
atlas_ghveg_sqftpth12,1,8
atlas_pc_dirsales12,9,8
atlas_pct_reduced_lunch14,6,8
ccsp_236_pct,1,8
atlas_deep_pov_children,4,8
atlas_pct_sfsp15,5,8
rwjf_air_pollute_density,2,8
rx_generic_pmpm_cost,16,8
cms_tot_partd_payment_amt,47,8
cons_nwperadult,19,8
rx_days_since_last_script,1,8
atlas_pct_laccess_nhasian15,6,8
rx_nonbh_mbr_resp_pmpm_cost_6to9m_b4,6,8
rx_days_since_last_script_6to9m_b4,0,8
atlas_pct_obese_adults13,0,8
credit_bal_consumerfinance,18,8
atlas_pct_fmrkt_wic16,0,8
atlas_orchard_farms12,2,8
atlas_berry_farms12,0,8
atlas_pct_laccess_multir15,0,8
rx_bh_mbr_resp_pmpm_cost_9to12m_b4,1,8
atlas_pc_wic_redemp12,2,8
rwjf_mv_deaths_rate,6,8
atlas_povertyunder18pct,0,8
rx_gpi2_72_pmpm_cost_6to9m_b4,0,8
atlas_pct_fmrkt_snap16,1,8
atlas_medhhinc,1,8
rx_nonbh_net_paid_pmpm_cost,1,8
credit_bal_bankcard_severederog,0,8
bh_ip_snf_net_paid_pmpm_cost,0,8
atlas_pc_snapben15,0,8
rx_nonbh_pmpm_ct_0to3m_b4,5,8
rx_overall_mbr_resp_pmpm_cost_0to3m_b4,11,8
auth_3mth_post_acute_mean_los,0,8
rx_branded_mbr_resp_pmpm_cost,0,8
rx_tier_1_pmpm_ct_0to3m_b4,16,8
bh_ncdm_pct,1,8
atlas_naturalchangerate1016,1,8
rx_mail_mbr_resp_pmpm_cost_0to3m_b4,2,8
credit_bal_autobank,2,8
rx_nonotc_dist_gpi6_pmpm_ct,4,8
cons_cgqs,20,8
rx_overall_gpi_pmpm_ct_0to3m_b4,25,8
credit_hh_bankcardcredit_60dpd,17,8
rx_gpi2_01_pmpm_cost_0to3m_b4,0,8
cci_dia_m_pmpm_ct,4,8
atlas_pct_nslp15,3,8
mcc_end_pct,0,8
atlas_pct_laccess_black15,4,8
credit_bal_mtgcredit_new,10,8
credit_hh_1stmtgcredit,1,8
cons_chmi,7,8
rwjf_income_inequ_ratio,1,8
atlas_pct_laccess_pop15,4,8
atlas_pc_ffrsales12,11,8
atlas_hh65plusalonepct,1,8
atlas_pct_fmrkt_sfmnp16,6,8
auth_3mth_acute_mean_los,1,8
rx_hum_28_pmpm_cost,2,8
atlas_pct_laccess_nhna15,3,8
atlas_povertyallagespct,2,8
rx_nonbh_mbr_resp_pmpm_cost,15,8
rx_nonmaint_mbr_resp_pmpm_cost_9to12m_b4,7,8
atlas_pct_fmrkt_otherfood16,3,8
lab_dist_loinc_pmpm_ct,7,8
rx_generic_mbr_resp_pmpm_cost,15,8
atlas_pct_laccess_seniors15,1,8
atlas_pct_cacfp15,10,8
total_outpatient_allowed_pmpm_cost_6to9m_b4,0,8
rx_nonmaint_mbr_resp_pmpm_cost,9,8
credit_bal_nonmtgcredit_60dpd,9,8
atlas_ownhomepct,0,8
rx_overall_mbr_resp_pmpm_cost,14,8
atlas_redemp_snaps16,1,8
atlas_netmigrationrate1016,6,8
atlas_percapitainc,4,8
phy_em_px_pct,10,8
rx_generic_mbr_resp_pmpm_cost_0to3m_b4,2,8
bh_ncdm_ind,0,8
auth_3mth_post_acute_inf,0,8
rx_maint_net_paid_pmpm_cost_t_9-6-3m_b4,13,8
ccsp_065_pmpm_ct,0,8
auth_3mth_acute_vco,0,8
rx_gpi2_72_pmpm_ct_6to9m_b4,3,8
auth_3mth_post_acute_men,0,8
rej_total_physician_office_visit_ct_pmpm_0to3m_b4,0,8
total_physician_office_net_paid_pmpm_cost_t_9-6-3m_b4,2,8
bh_ip_snf_net_paid_pmpm_cost_0to3m_b4,0,8
mcc_ano_pmpm_ct_t_9-6-3m_b4,0,8
atlas_type_2015_update,2,8
atlas_retirement_destination_2015_upda,4,8
auth_3mth_post_acute_sns,0,8
atlas_hiamenity,0,8
cons_ltmedicr,18,8
auth_3mth_acute_ccs_086,0,8
total_physician_office_mbr_resp_pmpm_cost_t_9-6-3m_b4,2,8
auth_3mth_acute_cir,0,8
atlas_csa12,46,8
total_med_net_paid_pmpm_cost_t_6-3-0m_b4,6,8
cons_n2pwh,614,8
auth_3mth_snf_post_hsp,0,8
auth_3mth_post_acute_inj,0,8
med_outpatient_mbr_resp_pmpm_cost_t_9-6-3m_b4,8,8
rx_gpi2_56_dist_gpi6_pmpm_ct_3to6m_b4,4,8
atlas_low_employment_2015_update,0,8
auth_3mth_acute_inf,0,8
lab_albumin_loinc_pmpm_ct,21,8
rx_gpi2_17_pmpm_cost_t_12-9-6m_b4,55,8
cons_rxadhs,6,8
cons_mobplus,1,8
atlas_foodinsec_child_03_11,171,8
lang_spoken_cd,6,8
bh_ip_snf_mbr_resp_pmpm_cost_9to12m_b4,0,8
auth_3mth_post_acute_gus,0,8
auth_3mth_acute_cad,0,8
rx_maint_pmpm_ct_t_6-3-0m_b4,11,8
auth_3mth_acute_ccs_044,0,8
cons_hxmioc,16,8
med_outpatient_visit_ct_pmpm_t_12-9-6m_b4,1,8
med_physician_office_allowed_pmpm_cost_t_9-6-3m_b4,2,8
auth_3mth_acute_res,0,8
auth_3mth_acute_chf,0,8
auth_3mth_acute_ccs_030,0,8
auth_3mth_dc_hospice,0,8
auth_3mth_acute_neo,0,8
atlas_type_2015_recreation_no,0,8
hum_region,27,8
atlas_ghveg_farms12,64,8
rx_maint_net_paid_pmpm_cost_t_12-9-6m_b4,12,8
auth_3mth_acute_ccs_048,0,8
rx_overall_gpi_pmpm_ct_t_6-3-0m_b4,9,8
rx_overall_gpi_pmpm_ct_t_12-9-6m_b4,10,8
rx_nonbh_pmpm_ct_t_9-6-3m_b4,9,8
mcc_chf_pmpm_ct_t_9-6-3m_b4,14,8
auth_3mth_post_acute_chf,0,8
auth_3mth_psychic,0,8
rx_nonotc_pmpm_cost_t_6-3-0m_b4,14,8
auth_3mth_acute_end,0,8
atlas_low_education_2015_update,1,8
src_div_id,34,8
auth_3mth_bh_acute,0,8
auth_3mth_acute_ccs_067,0,8
atlas_type_2015_mining_no,1,8
cons_n2pmr,383,8
rx_mail_net_paid_pmpm_cost_t_6-3-0m_b4,21,8
rej_med_er_net_paid_pmpm_cost_t_9-6-3m_b4,0,8
med_outpatient_deduct_pmpm_cost_t_9-6-3m_b4,0,8
rej_med_ip_snf_coins_pmpm_cost_t_9-6-3m_b4,0,8
rx_generic_dist_gpi6_pmpm_ct_t_9-6-3m_b4,2,8
auth_3mth_dc_home,4,8
auth_3mth_acute_bld,0,8
auth_3mth_acute_ner,0,8
oontwk_mbr_resp_pmpm_cost_t_6-3-0m_b4,1,8
rx_gpi2_90_dist_gpi6_pmpm_ct_9to12m_b4,1,8
atlas_foodhub16,1,8
rx_maint_pmpm_cost_t_6-3-0m_b4,8,8
auth_3mth_post_acute_ben,0,8
est_age,428,8
auth_3mth_post_acute_cer,0,8
auth_3mth_acute_ccs_153,0,8
auth_3mth_acute_dig,0,8
total_ip_maternity_net_paid_pmpm_cost_t_12-9-6m_b4,0,8
auth_3mth_post_acute_cad,0,8
rx_bh_pmpm_ct_0to3m_b4,33,8
rx_nonmail_dist_gpi6_pmpm_ct_t_9-6-3m_b4,3,8
atlas_persistentchildpoverty_1980_2011,0,8
atlas_slhouse12,2,8
atlas_population_loss_2015_update,0,8
auth_3mth_acute_ccs_094,0,8
auth_3mth_post_acute_ner,0,8
auth_3mth_acute_ccs_227,0,8
rx_overall_dist_gpi6_pmpm_ct_t_6-3-0m_b4,9,8
auth_3mth_acute_trm,0,8
auth_3mth_post_acute,0,8
auth_3mth_acute_dia,0,8
auth_3mth_acute_ccs_043,0,8
rx_overall_mbr_resp_pmpm_cost_t_6-3-0m_b4,39,8
cms_orig_reas_entitle_cd,12,8
auth_3mth_post_acute_end,0,8
auth_3mth_acute_can,0,8
auth_3mth_acute_ccs_172,0,8
auth_3mth_dc_home_health,0,8
atlas_hipov_1115,7,8
rx_phar_cat_cvs_pmpm_ct_t_9-6-3m_b4,19,8
rx_gpi2_62_pmpm_cost_t_9-6-3m_b4,0,8
cons_n2phi,287,8
auth_3mth_post_acute_hdz,0,8
auth_3mth_bh_acute_mean_los,0,8
auth_3mth_post_acute_dig,0,8
auth_3mth_transplant,0,8
rx_mail_mbr_resp_pmpm_cost_t_9-6-3m_b4,17,8
auth_3mth_acute_sns,0,8
auth_3mth_post_acute_vco,0,8
auth_3mth_home,2,8
rx_nonbh_net_paid_pmpm_cost_t_6-3-0m_b4,1,8
auth_3mth_post_acute_ckd,0,8
rx_gpi2_34_dist_gpi6_pmpm_ct,2,8
rx_gpi2_33_pmpm_ct_0to3m_b4,0,8
auth_3mth_dc_ltac,0,8
cons_estinv30_rc,24,8
rx_phar_cat_humana_pmpm_ct_t_9-6-3m_b4,3,8
auth_3mth_acute_men,0,8
auth_3mth_dc_snf,2,8
cons_hhcomp,26,8
bh_ip_snf_mbr_resp_pmpm_cost_6to9m_b4,0,8
auth_3mth_acute_inj,0,8
total_physician_office_visit_ct_pmpm_t_6-3-0m_b4,2,8
mabh_seg,30,8
auth_3mth_post_acute_res,0,8
auth_3mth_bh_acute_men,0,8
auth_3mth_acute_hdz,0,8
hedis_dia_hba1c_ge9,0,8
auth_3mth_post_acute_trm,0,8
auth_3mth_hospice,0,8
rx_gpi2_39_pmpm_cost_t_6-3-0m_b4,24,8
atlas_vlfoodsec_13_15,75,8
auth_3mth_dc_acute_rehab,0,8
rx_generic_pmpm_cost_t_6-3-0m_b4,8,8
auth_3mth_acute_ccs_154,0,8
cons_rxmaint,2,8
total_bh_copay_pmpm_cost_t_9-6-3m_b4,2,8
rx_nonmaint_dist_gpi6_pmpm_ct_t_12-9-6m_b4,2,8
rej_med_outpatient_visit_ct_pmpm_t_6-3-0m_b4,4,8
cons_rxadhm,21,8
auth_3mth_acute_mus,0,8
rx_nonbh_pmpm_cost_t_9-6-3m_b4,10,8
rx_days_since_last_script_0to3m_b4,463,8
auth_3mth_post_acute_cir,0,8
auth_3mth_post_acute_dia,0,8
auth_3mth_post_er,0,8
auth_3mth_dc_no_ref,0,8
bh_ip_snf_mbr_resp_pmpm_cost_3to6m_b4,1,8
auth_3mth_acute,3,8
rx_branded_pmpm_ct_t_6-3-0m_b4,1,8
atlas_farm_to_school13,0,8
auth_3mth_acute_cer,0,8
med_ambulance_coins_pmpm_cost_t_9-6-3m_b4,0,8
auth_3mth_acute_gus,0,8
rx_gpi4_6110_pmpm_ct,1,8
cons_hxwearbl,1,8
auth_3mth_ltac,0,8
auth_3mth_acute_ckd,0,8
bh_ip_snf_net_paid_pmpm_cost_6to9m_b4,0,8
sex_cd,9,8
days_since_last_clm_0to3m_b4,589,8
atlas_perpov_1980_0711,0,8
auth_3mth_post_acute_mus,0,8
auth_3mth_non_er,0,8
bh_ncal_ind,0,8
auth_3mth_facility,0,8
atlas_foodinsec_13_15,258,8
auth_3mth_dc_left_ama,0,8
race_cd,34,8
bh_ip_snf_admit_days_pmpm_t_9-6-3m_b4,0,8
auth_3mth_dc_other,0,8
cons_stlnindx,10,8
auth_3mth_acute_skn,0,8
total_allowed_pmpm_cost_t_9-6-3m_b4,12,8
auth_3mth_rehab,0,8
bh_urgent_care_copay_pmpm_cost_t_12-9-6m_b4,0,8
auth_3mth_dc_custodial,0,8
auth_3mth_snf_direct,0,8
auth_3mth_acute_ccs_042,0,8
bh_ip_snf_net_paid_pmpm_cost_9to12m_b4,0,8
bh_ip_snf_net_paid_pmpm_cost_3to6m_b4,0,8
rx_maint_pmpm_cost_t_12-9-6m_b4,6,8
auth_3mth_post_acute_rsk,0,8
rev_cms_ansth_pmpm_ct,1,8
cons_cwht,649,8
atlas_pct_diabetes_adults13,2,9
atlas_pct_wic15,3,9
total_physician_office_net_paid_pmpm_cost_9to12m_b4,0,9
atlas_pct_laccess_hisp15,0,9
atlas_pct_fmrkt_frveg16,0,9
credit_hh_nonmtgcredit_60dpd,25,9
atlas_dirsales_farms12,1,9
rx_nonmaint_pmpm_ct,0,9
zip_cd,1,9
atlas_pct_laccess_white15,2,9
credit_hh_bankcard_severederog,15,9
atlas_pct_fmrkt_credit16,0,9
credit_bal_autofinance_new,0,9
rej_days_since_last_clm,3,9
rx_generic_pmpm_ct_0to3m_b4,17,9
rwjf_social_associate_rate,0,9
med_physician_office_ds_clm_6to9m_b4,0,9
atlas_totalocchu,21,9
atlas_veg_acrespth12,0,9
atlas_pct_loclsale12,1,9
atlas_pct_fmrkt_anmlprod16,0,9
atlas_freshveg_farms12,0,9
rwjf_resident_seg_black_inx,0,9
atlas_pct_loclfarm12,1,9
total_outpatient_mbr_resp_pmpm_cost_6to9m_b4,0,9
atlas_berry_acrespth12,1,9
rx_maint_pmpm_ct_9to12m_b4,10,9
rx_tier_2_pmpm_ct,12,9
atlas_agritrsm_rct12,1,9
atlas_pct_laccess_snap15,1,9
atlas_deep_pov_all,0,9
ccsp_227_pct,7,9
bh_outpatient_net_paid_pmpm_cost,0,9
atlas_veg_farms12,1,9
rx_hum_16_pmpm_ct,10,9
cms_risk_adjustment_factor_a_amt,33,9
atlas_recfac14,7,9
total_physician_office_copay_pmpm_cost,1,9
atlas_pc_fsrsales12,1,9
atlas_pct_fmrkt_baked16,0,9
atlas_net_international_migration_rate,0,9
rx_maint_mbr_resp_pmpm_cost_6to9m_b4,1,9
rx_generic_pmpm_cost_6to9m_b4,7,9
rx_gpi2_49_pmpm_cost_0to3m_b4,2,9
atlas_pct_sbp15,5,9
atlas_pct_laccess_child15,0,9
met_obe_diag_pct,3,9
atlas_orchard_acrespth12,1,9
atlas_pct_laccess_hhnv15,4,9
cnt_cp_webstatement_pmpm_ct,19,9
atlas_pct_laccess_lowi15,3,9
rx_gpi2_02_pmpm_cost,0,9
cms_partd_ra_factor_amt,13,9
atlas_pct_free_lunch14,0,9
rx_tier_2_pmpm_ct_3to6m_b4,12,9
cons_chva,2,9
atlas_pct_fmrkt_wiccash16,0,9
rx_overall_net_paid_pmpm_cost_6to9m_b4,1,9
total_med_allowed_pmpm_cost_9to12m_b4,0,9
bh_physician_office_copay_pmpm_cost_6to9m_b4,0,9
atlas_pct_snap16,7,9
atlas_ghveg_sqftpth12,0,9
atlas_pc_dirsales12,5,9
atlas_pct_reduced_lunch14,3,9
ccsp_236_pct,1,9
atlas_deep_pov_children,0,9
atlas_pct_sfsp15,2,9
rwjf_air_pollute_density,1,9
rx_generic_pmpm_cost,12,9
cms_tot_partd_payment_amt,33,9
cons_nwperadult,16,9
rx_days_since_last_script,2,9
atlas_pct_laccess_nhasian15,7,9
rx_nonbh_mbr_resp_pmpm_cost_6to9m_b4,6,9
rx_days_since_last_script_6to9m_b4,1,9
atlas_pct_obese_adults13,0,9
credit_bal_consumerfinance,16,9
atlas_pct_fmrkt_wic16,0,9
atlas_orchard_farms12,1,9
atlas_berry_farms12,1,9
atlas_pct_laccess_multir15,0,9
rx_bh_mbr_resp_pmpm_cost_9to12m_b4,0,9
atlas_pc_wic_redemp12,0,9
rwjf_mv_deaths_rate,3,9
atlas_povertyunder18pct,0,9
rx_gpi2_72_pmpm_cost_6to9m_b4,0,9
atlas_pct_fmrkt_snap16,1,9
atlas_medhhinc,1,9
rx_nonbh_net_paid_pmpm_cost,1,9
credit_bal_bankcard_severederog,0,9
bh_ip_snf_net_paid_pmpm_cost,0,9
atlas_pc_snapben15,0,9
rx_nonbh_pmpm_ct_0to3m_b4,3,9
rx_overall_mbr_resp_pmpm_cost_0to3m_b4,12,9
auth_3mth_post_acute_mean_los,1,9
rx_branded_mbr_resp_pmpm_cost,0,9
rx_tier_1_pmpm_ct_0to3m_b4,8,9
bh_ncdm_pct,0,9
atlas_naturalchangerate1016,0,9
rx_mail_mbr_resp_pmpm_cost_0to3m_b4,0,9
credit_bal_autobank,1,9
rx_nonotc_dist_gpi6_pmpm_ct,1,9
cons_cgqs,24,9
rx_overall_gpi_pmpm_ct_0to3m_b4,28,9
credit_hh_bankcardcredit_60dpd,23,9
rx_gpi2_01_pmpm_cost_0to3m_b4,0,9
cci_dia_m_pmpm_ct,4,9
atlas_pct_nslp15,0,9
mcc_end_pct,2,9
atlas_pct_laccess_black15,4,9
credit_bal_mtgcredit_new,9,9
credit_hh_1stmtgcredit,3,9
cons_chmi,2,9
rwjf_income_inequ_ratio,0,9
atlas_pct_laccess_pop15,2,9
atlas_pc_ffrsales12,7,9
atlas_hh65plusalonepct,1,9
atlas_pct_fmrkt_sfmnp16,2,9
auth_3mth_acute_mean_los,0,9
rx_hum_28_pmpm_cost,0,9
atlas_pct_laccess_nhna15,1,9
atlas_povertyallagespct,0,9
rx_nonbh_mbr_resp_pmpm_cost,22,9
rx_nonmaint_mbr_resp_pmpm_cost_9to12m_b4,5,9
atlas_pct_fmrkt_otherfood16,3,9
lab_dist_loinc_pmpm_ct,7,9
rx_generic_mbr_resp_pmpm_cost,11,9
atlas_pct_laccess_seniors15,1,9
atlas_pct_cacfp15,2,9
total_outpatient_allowed_pmpm_cost_6to9m_b4,0,9
rx_nonmaint_mbr_resp_pmpm_cost,7,9
credit_bal_nonmtgcredit_60dpd,3,9
atlas_ownhomepct,0,9
rx_overall_mbr_resp_pmpm_cost,14,9
atlas_redemp_snaps16,1,9
atlas_netmigrationrate1016,2,9
atlas_percapitainc,0,9
phy_em_px_pct,7,9
rx_generic_mbr_resp_pmpm_cost_0to3m_b4,7,9
bh_ncdm_ind,0,9
auth_3mth_post_acute_inf,0,9
rx_maint_net_paid_pmpm_cost_t_9-6-3m_b4,8,9
ccsp_065_pmpm_ct,0,9
auth_3mth_acute_vco,0,9
rx_gpi2_72_pmpm_ct_6to9m_b4,0,9
auth_3mth_post_acute_men,0,9
rej_total_physician_office_visit_ct_pmpm_0to3m_b4,0,9
total_physician_office_net_paid_pmpm_cost_t_9-6-3m_b4,2,9
bh_ip_snf_net_paid_pmpm_cost_0to3m_b4,0,9
mcc_ano_pmpm_ct_t_9-6-3m_b4,0,9
atlas_type_2015_update,1,9
atlas_retirement_destination_2015_upda,2,9
auth_3mth_post_acute_sns,0,9
atlas_hiamenity,0,9
cons_ltmedicr,12,9
auth_3mth_acute_ccs_086,0,9
total_physician_office_mbr_resp_pmpm_cost_t_9-6-3m_b4,2,9
auth_3mth_acute_cir,0,9
atlas_csa12,17,9
total_med_net_paid_pmpm_cost_t_6-3-0m_b4,4,9
cons_n2pwh,335,9
auth_3mth_snf_post_hsp,0,9
auth_3mth_post_acute_inj,0,9
med_outpatient_mbr_resp_pmpm_cost_t_9-6-3m_b4,5,9
rx_gpi2_56_dist_gpi6_pmpm_ct_3to6m_b4,3,9
atlas_low_employment_2015_update,0,9
auth_3mth_acute_inf,0,9
lab_albumin_loinc_pmpm_ct,18,9
rx_gpi2_17_pmpm_cost_t_12-9-6m_b4,41,9
cons_rxadhs,8,9
cons_mobplus,0,9
atlas_foodinsec_child_03_11,101,9
lang_spoken_cd,3,9
bh_ip_snf_mbr_resp_pmpm_cost_9to12m_b4,0,9
auth_3mth_post_acute_gus,0,9
auth_3mth_acute_cad,0,9
rx_maint_pmpm_ct_t_6-3-0m_b4,8,9
auth_3mth_acute_ccs_044,0,9
cons_hxmioc,12,9
med_outpatient_visit_ct_pmpm_t_12-9-6m_b4,0,9
med_physician_office_allowed_pmpm_cost_t_9-6-3m_b4,2,9
auth_3mth_acute_res,0,9
auth_3mth_acute_chf,0,9
auth_3mth_acute_ccs_030,0,9
auth_3mth_dc_hospice,0,9
auth_3mth_acute_neo,0,9
atlas_type_2015_recreation_no,0,9
hum_region,30,9
atlas_ghveg_farms12,29,9
rx_maint_net_paid_pmpm_cost_t_12-9-6m_b4,16,9
auth_3mth_acute_ccs_048,0,9
rx_overall_gpi_pmpm_ct_t_6-3-0m_b4,6,9
rx_overall_gpi_pmpm_ct_t_12-9-6m_b4,9,9
rx_nonbh_pmpm_ct_t_9-6-3m_b4,1,9
mcc_chf_pmpm_ct_t_9-6-3m_b4,8,9
auth_3mth_post_acute_chf,0,9
auth_3mth_psychic,0,9
rx_nonotc_pmpm_cost_t_6-3-0m_b4,12,9
auth_3mth_acute_end,0,9
atlas_low_education_2015_update,0,9
src_div_id,27,9
auth_3mth_bh_acute,0,9
auth_3mth_acute_ccs_067,0,9
atlas_type_2015_mining_no,1,9
cons_n2pmr,286,9
rx_mail_net_paid_pmpm_cost_t_6-3-0m_b4,21,9
rej_med_er_net_paid_pmpm_cost_t_9-6-3m_b4,0,9
med_outpatient_deduct_pmpm_cost_t_9-6-3m_b4,0,9
rej_med_ip_snf_coins_pmpm_cost_t_9-6-3m_b4,0,9
rx_generic_dist_gpi6_pmpm_ct_t_9-6-3m_b4,7,9
auth_3mth_dc_home,3,9
auth_3mth_acute_bld,0,9
auth_3mth_acute_ner,0,9
oontwk_mbr_resp_pmpm_cost_t_6-3-0m_b4,2,9
rx_gpi2_90_dist_gpi6_pmpm_ct_9to12m_b4,0,9
atlas_foodhub16,3,9
rx_maint_pmpm_cost_t_6-3-0m_b4,10,9
auth_3mth_post_acute_ben,0,9
est_age,289,9
auth_3mth_post_acute_cer,0,9
auth_3mth_acute_ccs_153,0,9
auth_3mth_acute_dig,0,9
total_ip_maternity_net_paid_pmpm_cost_t_12-9-6m_b4,0,9
auth_3mth_post_acute_cad,0,9
rx_bh_pmpm_ct_0to3m_b4,28,9
rx_nonmail_dist_gpi6_pmpm_ct_t_9-6-3m_b4,1,9
atlas_persistentchildpoverty_1980_2011,0,9
atlas_slhouse12,2,9
atlas_population_loss_2015_update,0,9
auth_3mth_acute_ccs_094,0,9
auth_3mth_post_acute_ner,0,9
auth_3mth_acute_ccs_227,0,9
rx_overall_dist_gpi6_pmpm_ct_t_6-3-0m_b4,5,9
auth_3mth_acute_trm,0,9
auth_3mth_post_acute,0,9
auth_3mth_acute_dia,0,9
auth_3mth_acute_ccs_043,0,9
rx_overall_mbr_resp_pmpm_cost_t_6-3-0m_b4,24,9
cms_orig_reas_entitle_cd,24,9
auth_3mth_post_acute_end,0,9
auth_3mth_acute_can,0,9
auth_3mth_acute_ccs_172,0,9
auth_3mth_dc_home_health,0,9
atlas_hipov_1115,6,9
rx_phar_cat_cvs_pmpm_ct_t_9-6-3m_b4,13,9
rx_gpi2_62_pmpm_cost_t_9-6-3m_b4,0,9
cons_n2phi,241,9
auth_3mth_post_acute_hdz,0,9
auth_3mth_bh_acute_mean_los,0,9
auth_3mth_post_acute_dig,0,9
auth_3mth_transplant,0,9
rx_mail_mbr_resp_pmpm_cost_t_9-6-3m_b4,4,9
auth_3mth_acute_sns,0,9
auth_3mth_post_acute_vco,0,9
auth_3mth_home,1,9
rx_nonbh_net_paid_pmpm_cost_t_6-3-0m_b4,4,9
auth_3mth_post_acute_ckd,0,9
rx_gpi2_34_dist_gpi6_pmpm_ct,2,9
rx_gpi2_33_pmpm_ct_0to3m_b4,0,9
auth_3mth_dc_ltac,0,9
cons_estinv30_rc,25,9
rx_phar_cat_humana_pmpm_ct_t_9-6-3m_b4,2,9
auth_3mth_acute_men,0,9
auth_3mth_dc_snf,1,9
cons_hhcomp,16,9
bh_ip_snf_mbr_resp_pmpm_cost_6to9m_b4,0,9
auth_3mth_acute_inj,0,9
total_physician_office_visit_ct_pmpm_t_6-3-0m_b4,2,9
mabh_seg,27,9
auth_3mth_post_acute_res,0,9
auth_3mth_bh_acute_men,0,9
auth_3mth_acute_hdz,0,9
hedis_dia_hba1c_ge9,0,9
auth_3mth_post_acute_trm,0,9
auth_3mth_hospice,0,9
rx_gpi2_39_pmpm_cost_t_6-3-0m_b4,17,9
atlas_vlfoodsec_13_15,69,9
auth_3mth_dc_acute_rehab,0,9
rx_generic_pmpm_cost_t_6-3-0m_b4,14,9
auth_3mth_acute_ccs_154,0,9
cons_rxmaint,7,9
total_bh_copay_pmpm_cost_t_9-6-3m_b4,0,9
rx_nonmaint_dist_gpi6_pmpm_ct_t_12-9-6m_b4,2,9
rej_med_outpatient_visit_ct_pmpm_t_6-3-0m_b4,1,9
cons_rxadhm,17,9
auth_3mth_acute_mus,0,9
rx_nonbh_pmpm_cost_t_9-6-3m_b4,0,9
rx_days_since_last_script_0to3m_b4,412,9
auth_3mth_post_acute_cir,0,9
auth_3mth_post_acute_dia,0,9
auth_3mth_post_er,0,9
auth_3mth_dc_no_ref,0,9
bh_ip_snf_mbr_resp_pmpm_cost_3to6m_b4,0,9
auth_3mth_acute,3,9
rx_branded_pmpm_ct_t_6-3-0m_b4,0,9
atlas_farm_to_school13,0,9
auth_3mth_acute_cer,0,9
med_ambulance_coins_pmpm_cost_t_9-6-3m_b4,0,9
auth_3mth_acute_gus,0,9
rx_gpi4_6110_pmpm_ct,0,9
cons_hxwearbl,1,9
auth_3mth_ltac,0,9
auth_3mth_acute_ckd,0,9
bh_ip_snf_net_paid_pmpm_cost_6to9m_b4,0,9
sex_cd,6,9
days_since_last_clm_0to3m_b4,440,9
atlas_perpov_1980_0711,0,9
auth_3mth_post_acute_mus,0,9
auth_3mth_non_er,0,9
bh_ncal_ind,0,9
auth_3mth_facility,0,9
atlas_foodinsec_13_15,154,9
auth_3mth_dc_left_ama,0,9
race_cd,43,9
bh_ip_snf_admit_days_pmpm_t_9-6-3m_b4,0,9
auth_3mth_dc_other,0,9
cons_stlnindx,13,9
auth_3mth_acute_skn,0,9
total_allowed_pmpm_cost_t_9-6-3m_b4,6,9
auth_3mth_rehab,0,9
bh_urgent_care_copay_pmpm_cost_t_12-9-6m_b4,0,9
auth_3mth_dc_custodial,0,9
auth_3mth_snf_direct,0,9
auth_3mth_acute_ccs_042,0,9
bh_ip_snf_net_paid_pmpm_cost_9to12m_b4,0,9
bh_ip_snf_net_paid_pmpm_cost_3to6m_b4,0,9
rx_maint_pmpm_cost_t_12-9-6m_b4,4,9
auth_3mth_post_acute_rsk,0,9
rev_cms_ansth_pmpm_ct,0,9
cons_cwht,307,9
atlas_pct_diabetes_adults13,4,10
atlas_pct_wic15,4,10
total_physician_office_net_paid_pmpm_cost_9to12m_b4,0,10
atlas_pct_laccess_hisp15,1,10
atlas_pct_fmrkt_frveg16,2,10
credit_hh_nonmtgcredit_60dpd,28,10
atlas_dirsales_farms12,0,10
rx_nonmaint_pmpm_ct,4,10
zip_cd,1,10
atlas_pct_laccess_white15,3,10
credit_hh_bankcard_severederog,26,10
atlas_pct_fmrkt_credit16,4,10
credit_bal_autofinance_new,2,10
rej_days_since_last_clm,1,10
rx_generic_pmpm_ct_0to3m_b4,15,10
rwjf_social_associate_rate,1,10
med_physician_office_ds_clm_6to9m_b4,0,10
atlas_totalocchu,17,10
atlas_veg_acrespth12,2,10
atlas_pct_loclsale12,6,10
atlas_pct_fmrkt_anmlprod16,0,10
atlas_freshveg_farms12,3,10
rwjf_resident_seg_black_inx,1,10
atlas_pct_loclfarm12,1,10
total_outpatient_mbr_resp_pmpm_cost_6to9m_b4,3,10
atlas_berry_acrespth12,0,10
rx_maint_pmpm_ct_9to12m_b4,11,10
rx_tier_2_pmpm_ct,21,10
atlas_agritrsm_rct12,2,10
atlas_pct_laccess_snap15,1,10
atlas_deep_pov_all,1,10
ccsp_227_pct,19,10
bh_outpatient_net_paid_pmpm_cost,0,10
atlas_veg_farms12,0,10
rx_hum_16_pmpm_ct,13,10
cms_risk_adjustment_factor_a_amt,31,10
atlas_recfac14,20,10
total_physician_office_copay_pmpm_cost,1,10
atlas_pc_fsrsales12,4,10
atlas_pct_fmrkt_baked16,0,10
atlas_net_international_migration_rate,6,10
rx_maint_mbr_resp_pmpm_cost_6to9m_b4,2,10
rx_generic_pmpm_cost_6to9m_b4,5,10
rx_gpi2_49_pmpm_cost_0to3m_b4,3,10
atlas_pct_sbp15,2,10
atlas_pct_laccess_child15,0,10
met_obe_diag_pct,5,10
atlas_orchard_acrespth12,2,10
atlas_pct_laccess_hhnv15,3,10
cnt_cp_webstatement_pmpm_ct,27,10
atlas_pct_laccess_lowi15,5,10
rx_gpi2_02_pmpm_cost,0,10
cms_partd_ra_factor_amt,9,10
atlas_pct_free_lunch14,4,10
rx_tier_2_pmpm_ct_3to6m_b4,13,10
cons_chva,0,10
atlas_pct_fmrkt_wiccash16,0,10
rx_overall_net_paid_pmpm_cost_6to9m_b4,1,10
total_med_allowed_pmpm_cost_9to12m_b4,0,10
bh_physician_office_copay_pmpm_cost_6to9m_b4,0,10
atlas_pct_snap16,14,10
atlas_ghveg_sqftpth12,0,10
atlas_pc_dirsales12,8,10
atlas_pct_reduced_lunch14,2,10
ccsp_236_pct,2,10
atlas_deep_pov_children,2,10
atlas_pct_sfsp15,3,10
rwjf_air_pollute_density,1,10
rx_generic_pmpm_cost,11,10
cms_tot_partd_payment_amt,48,10
cons_nwperadult,23,10
rx_days_since_last_script,5,10
atlas_pct_laccess_nhasian15,5,10
rx_nonbh_mbr_resp_pmpm_cost_6to9m_b4,8,10
rx_days_since_last_script_6to9m_b4,2,10
atlas_pct_obese_adults13,5,10
credit_bal_consumerfinance,20,10
atlas_pct_fmrkt_wic16,0,10
atlas_orchard_farms12,2,10
atlas_berry_farms12,0,10
atlas_pct_laccess_multir15,0,10
rx_bh_mbr_resp_pmpm_cost_9to12m_b4,0,10
atlas_pc_wic_redemp12,3,10
rwjf_mv_deaths_rate,9,10
atlas_povertyunder18pct,0,10
rx_gpi2_72_pmpm_cost_6to9m_b4,0,10
atlas_pct_fmrkt_snap16,0,10
atlas_medhhinc,2,10
rx_nonbh_net_paid_pmpm_cost,4,10
credit_bal_bankcard_severederog,2,10
bh_ip_snf_net_paid_pmpm_cost,0,10
atlas_pc_snapben15,3,10
rx_nonbh_pmpm_ct_0to3m_b4,2,10
rx_overall_mbr_resp_pmpm_cost_0to3m_b4,15,10
auth_3mth_post_acute_mean_los,0,10
rx_branded_mbr_resp_pmpm_cost,0,10
rx_tier_1_pmpm_ct_0to3m_b4,15,10
bh_ncdm_pct,0,10
atlas_naturalchangerate1016,0,10
rx_mail_mbr_resp_pmpm_cost_0to3m_b4,2,10
credit_bal_autobank,1,10
rx_nonotc_dist_gpi6_pmpm_ct,3,10
cons_cgqs,17,10
rx_overall_gpi_pmpm_ct_0to3m_b4,27,10
credit_hh_bankcardcredit_60dpd,22,10
rx_gpi2_01_pmpm_cost_0to3m_b4,1,10
cci_dia_m_pmpm_ct,5,10
atlas_pct_nslp15,1,10
mcc_end_pct,3,10
atlas_pct_laccess_black15,1,10
credit_bal_mtgcredit_new,15,10
credit_hh_1stmtgcredit,3,10
cons_chmi,10,10
rwjf_income_inequ_ratio,3,10
atlas_pct_laccess_pop15,2,10
atlas_pc_ffrsales12,9,10
atlas_hh65plusalonepct,2,10
atlas_pct_fmrkt_sfmnp16,3,10
auth_3mth_acute_mean_los,1,10
rx_hum_28_pmpm_cost,1,10
atlas_pct_laccess_nhna15,0,10
atlas_povertyallagespct,0,10
rx_nonbh_mbr_resp_pmpm_cost,17,10
rx_nonmaint_mbr_resp_pmpm_cost_9to12m_b4,6,10
atlas_pct_fmrkt_otherfood16,5,10
lab_dist_loinc_pmpm_ct,9,10
rx_generic_mbr_resp_pmpm_cost,16,10
atlas_pct_laccess_seniors15,2,10
atlas_pct_cacfp15,8,10
total_outpatient_allowed_pmpm_cost_6to9m_b4,0,10
rx_nonmaint_mbr_resp_pmpm_cost,8,10
credit_bal_nonmtgcredit_60dpd,9,10
atlas_ownhomepct,1,10
rx_overall_mbr_resp_pmpm_cost,15,10
atlas_redemp_snaps16,1,10
atlas_netmigrationrate1016,9,10
atlas_percapitainc,2,10
phy_em_px_pct,11,10
rx_generic_mbr_resp_pmpm_cost_0to3m_b4,7,10
bh_ncdm_ind,0,10
auth_3mth_post_acute_inf,0,10
rx_maint_net_paid_pmpm_cost_t_9-6-3m_b4,11,10
ccsp_065_pmpm_ct,0,10
auth_3mth_acute_vco,0,10
rx_gpi2_72_pmpm_ct_6to9m_b4,5,10
auth_3mth_post_acute_men,0,10
rej_total_physician_office_visit_ct_pmpm_0to3m_b4,0,10
total_physician_office_net_paid_pmpm_cost_t_9-6-3m_b4,4,10
bh_ip_snf_net_paid_pmpm_cost_0to3m_b4,0,10
mcc_ano_pmpm_ct_t_9-6-3m_b4,0,10
atlas_type_2015_update,3,10
atlas_retirement_destination_2015_upda,3,10
auth_3mth_post_acute_sns,0,10
atlas_hiamenity,2,10
cons_ltmedicr,19,10
auth_3mth_acute_ccs_086,0,10
total_physician_office_mbr_resp_pmpm_cost_t_9-6-3m_b4,8,10
auth_3mth_acute_cir,0,10
atlas_csa12,56,10
total_med_net_paid_pmpm_cost_t_6-3-0m_b4,10,10
cons_n2pwh,627,10
auth_3mth_snf_post_hsp,0,10
auth_3mth_post_acute_inj,0,10
med_outpatient_mbr_resp_pmpm_cost_t_9-6-3m_b4,10,10
rx_gpi2_56_dist_gpi6_pmpm_ct_3to6m_b4,4,10
atlas_low_employment_2015_update,0,10
auth_3mth_acute_inf,0,10
lab_albumin_loinc_pmpm_ct,21,10
rx_gpi2_17_pmpm_cost_t_12-9-6m_b4,37,10
cons_rxadhs,11,10
cons_mobplus,1,10
atlas_foodinsec_child_03_11,170,10
lang_spoken_cd,9,10
bh_ip_snf_mbr_resp_pmpm_cost_9to12m_b4,0,10
auth_3mth_post_acute_gus,0,10
auth_3mth_acute_cad,0,10
rx_maint_pmpm_ct_t_6-3-0m_b4,9,10
auth_3mth_acute_ccs_044,0,10
cons_hxmioc,15,10
med_outpatient_visit_ct_pmpm_t_12-9-6m_b4,6,10
med_physician_office_allowed_pmpm_cost_t_9-6-3m_b4,3,10
auth_3mth_acute_res,0,10
auth_3mth_acute_chf,0,10
auth_3mth_acute_ccs_030,0,10
auth_3mth_dc_hospice,0,10
auth_3mth_acute_neo,0,10
atlas_type_2015_recreation_no,0,10
hum_region,35,10
atlas_ghveg_farms12,39,10
rx_maint_net_paid_pmpm_cost_t_12-9-6m_b4,16,10
auth_3mth_acute_ccs_048,0,10
rx_overall_gpi_pmpm_ct_t_6-3-0m_b4,4,10
rx_overall_gpi_pmpm_ct_t_12-9-6m_b4,12,10
rx_nonbh_pmpm_ct_t_9-6-3m_b4,4,10
mcc_chf_pmpm_ct_t_9-6-3m_b4,13,10
auth_3mth_post_acute_chf,0,10
auth_3mth_psychic,0,10
rx_nonotc_pmpm_cost_t_6-3-0m_b4,13,10
auth_3mth_acute_end,0,10
atlas_low_education_2015_update,0,10
src_div_id,46,10
auth_3mth_bh_acute,0,10
auth_3mth_acute_ccs_067,0,10
atlas_type_2015_mining_no,0,10
cons_n2pmr,640,10
rx_mail_net_paid_pmpm_cost_t_6-3-0m_b4,28,10
rej_med_er_net_paid_pmpm_cost_t_9-6-3m_b4,0,10
med_outpatient_deduct_pmpm_cost_t_9-6-3m_b4,0,10
rej_med_ip_snf_coins_pmpm_cost_t_9-6-3m_b4,0,10
rx_generic_dist_gpi6_pmpm_ct_t_9-6-3m_b4,4,10
auth_3mth_dc_home,4,10
auth_3mth_acute_bld,0,10
auth_3mth_acute_ner,0,10
oontwk_mbr_resp_pmpm_cost_t_6-3-0m_b4,3,10
rx_gpi2_90_dist_gpi6_pmpm_ct_9to12m_b4,1,10
atlas_foodhub16,2,10
rx_maint_pmpm_cost_t_6-3-0m_b4,13,10
auth_3mth_post_acute_ben,0,10
est_age,550,10
auth_3mth_post_acute_cer,0,10
auth_3mth_acute_ccs_153,0,10
auth_3mth_acute_dig,0,10
total_ip_maternity_net_paid_pmpm_cost_t_12-9-6m_b4,0,10
auth_3mth_post_acute_cad,0,10
rx_bh_pmpm_ct_0to3m_b4,39,10
rx_nonmail_dist_gpi6_pmpm_ct_t_9-6-3m_b4,5,10
atlas_persistentchildpoverty_1980_2011,0,10
atlas_slhouse12,2,10
atlas_population_loss_2015_update,0,10
auth_3mth_acute_ccs_094,0,10
auth_3mth_post_acute_ner,0,10
auth_3mth_acute_ccs_227,0,10
rx_overall_dist_gpi6_pmpm_ct_t_6-3-0m_b4,7,10
auth_3mth_acute_trm,0,10
auth_3mth_post_acute,0,10
auth_3mth_acute_dia,0,10
auth_3mth_acute_ccs_043,0,10
rx_overall_mbr_resp_pmpm_cost_t_6-3-0m_b4,31,10
cms_orig_reas_entitle_cd,11,10
auth_3mth_post_acute_end,0,10
auth_3mth_acute_can,0,10
auth_3mth_acute_ccs_172,0,10
auth_3mth_dc_home_health,0,10
atlas_hipov_1115,7,10
rx_phar_cat_cvs_pmpm_ct_t_9-6-3m_b4,17,10
rx_gpi2_62_pmpm_cost_t_9-6-3m_b4,1,10
cons_n2phi,408,10
auth_3mth_post_acute_hdz,0,10
auth_3mth_bh_acute_mean_los,0,10
auth_3mth_post_acute_dig,0,10
auth_3mth_transplant,0,10
rx_mail_mbr_resp_pmpm_cost_t_9-6-3m_b4,15,10
auth_3mth_acute_sns,0,10
auth_3mth_post_acute_vco,0,10
auth_3mth_home,3,10
rx_nonbh_net_paid_pmpm_cost_t_6-3-0m_b4,10,10
auth_3mth_post_acute_ckd,0,10
rx_gpi2_34_dist_gpi6_pmpm_ct,5,10
rx_gpi2_33_pmpm_ct_0to3m_b4,0,10
auth_3mth_dc_ltac,0,10
cons_estinv30_rc,16,10
rx_phar_cat_humana_pmpm_ct_t_9-6-3m_b4,6,10
auth_3mth_acute_men,0,10
auth_3mth_dc_snf,2,10
cons_hhcomp,20,10
bh_ip_snf_mbr_resp_pmpm_cost_6to9m_b4,0,10
auth_3mth_acute_inj,0,10
total_physician_office_visit_ct_pmpm_t_6-3-0m_b4,4,10
mabh_seg,45,10
auth_3mth_post_acute_res,0,10
auth_3mth_bh_acute_men,0,10
auth_3mth_acute_hdz,0,10
hedis_dia_hba1c_ge9,0,10
auth_3mth_post_acute_trm,0,10
auth_3mth_hospice,0,10
rx_gpi2_39_pmpm_cost_t_6-3-0m_b4,22,10
atlas_vlfoodsec_13_15,92,10
auth_3mth_dc_acute_rehab,0,10
rx_generic_pmpm_cost_t_6-3-0m_b4,15,10
auth_3mth_acute_ccs_154,0,10
cons_rxmaint,4,10
total_bh_copay_pmpm_cost_t_9-6-3m_b4,2,10
rx_nonmaint_dist_gpi6_pmpm_ct_t_12-9-6m_b4,4,10
rej_med_outpatient_visit_ct_pmpm_t_6-3-0m_b4,5,10
cons_rxadhm,18,10
auth_3mth_acute_mus,0,10
rx_nonbh_pmpm_cost_t_9-6-3m_b4,6,10
rx_days_since_last_script_0to3m_b4,538,10
auth_3mth_post_acute_cir,0,10
auth_3mth_post_acute_dia,0,10
auth_3mth_post_er,0,10
auth_3mth_dc_no_ref,0,10
bh_ip_snf_mbr_resp_pmpm_cost_3to6m_b4,1,10
auth_3mth_acute,3,10
rx_branded_pmpm_ct_t_6-3-0m_b4,6,10
atlas_farm_to_school13,0,10
auth_3mth_acute_cer,0,10
med_ambulance_coins_pmpm_cost_t_9-6-3m_b4,0,10
auth_3mth_acute_gus,0,10
rx_gpi4_6110_pmpm_ct,4,10
cons_hxwearbl,3,10
auth_3mth_ltac,0,10
auth_3mth_acute_ckd,0,10
bh_ip_snf_net_paid_pmpm_cost_6to9m_b4,0,10
sex_cd,10,10
days_since_last_clm_0to3m_b4,716,10
atlas_perpov_1980_0711,1,10
auth_3mth_post_acute_mus,0,10
auth_3mth_non_er,0,10
bh_ncal_ind,0,10
auth_3mth_facility,0,10
atlas_foodinsec_13_15,329,10
auth_3mth_dc_left_ama,0,10
race_cd,37,10
bh_ip_snf_admit_days_pmpm_t_9-6-3m_b4,0,10
auth_3mth_dc_other,0,10
cons_stlnindx,12,10
auth_3mth_acute_skn,0,10
total_allowed_pmpm_cost_t_9-6-3m_b4,17,10
auth_3mth_rehab,0,10
bh_urgent_care_copay_pmpm_cost_t_12-9-6m_b4,0,10
auth_3mth_dc_custodial,0,10
auth_3mth_snf_direct,0,10
auth_3mth_acute_ccs_042,0,10
bh_ip_snf_net_paid_pmpm_cost_9to12m_b4,0,10
bh_ip_snf_net_paid_pmpm_cost_3to6m_b4,0,10
rx_maint_pmpm_cost_t_12-9-6m_b4,10,10
auth_3mth_post_acute_rsk,0,10
rev_cms_ansth_pmpm_ct,3,10
cons_cwht,779,10
